date,stock_code,stock_name,margin_balance,margin_purchase_amount,margin_repayment_amount,short_selling_balance,short_selling_volume,short_selling_repayment_volume
2023-09-22,510050,50ETF,5682232788,345924417,126147746,31081200,21114800,11402100
2023-09-22,510100,SZ50ETF,10477254,1745212,1658620,0,0,0
2023-09-22,510150,消费ETF,23196980,1579540,871744,0,0,0
2023-09-22,510180,180ETF,97982738,875421,2363573,409300,173200,130900
2023-09-22,510210,综指ETF,65309813,10316670,27073351,0,0,0
2023-09-22,510230,金融ETF,16097548,1110955,996124,0,0,0
2023-09-22,510300,300ETF,7459966858,537678733,780072236,59592747,21381800,10332202
2023-09-22,510310,HS300ETF,228660652,18211607,14046023,40744,33400,4200
2023-09-22,510330,华夏300,717829092,8827788,12304334,3114900,896700,464300
2023-09-22,510350,工银300,146971,0,7318,0,0,0
2023-09-22,510360,广发300,4234334,897567,853673,0,0,0
2023-09-22,510500,500ETF,1738841939,162600719,111989094,999578517,12848200,14483109
2023-09-22,510510,广发500,8779392,1108315,729387,29218800,1044000,0
2023-09-22,510580,ZZ500ETF,3342073,0,59743,0,0,0
2023-09-22,510710,上50ETF,1705171,35438,101261,0,0,0
2023-09-22,510800,上证50,7342625,331119,137461,0,0,0
2023-09-22,510810,上海国企,1192291,52520,306296,0,0,0
2023-09-22,510880,红利ETF,48858667,4337195,4075968,1294900,335800,387100
2023-09-22,510900,H股ETF,8144688083,34690640,67915868,0,0,0
2023-09-22,511010,国债ETF,167633419,65928,267522,0,0,0
2023-09-22,511030,公司债,12334007,1031,1031,0,0,0
2023-09-22,511260,十年国债,148342266,1325770,840142,0,0,0
2023-09-22,511360,短融ETF,2982584671,369352863,385678464,0,0,0
2023-09-22,511380,转债ETF,246440898,17208041,24872361,0,0,0
2023-09-22,512000,券商ETF,1654366810,118344251,182227098,155674984,18851800,17021300
2023-09-22,512010,医药ETF,913876006,154155422,164922693,52658095,10119500,17176300
2023-09-22,512070,证券保险,131462836,13412209,9137919,6865055,1788400,2318800
2023-09-22,512100,1000ETF,452054023,17724878,30648516,1237460493,34368600,16054700
2023-09-22,512170,医疗ETF,967538658,162317494,160767065,216429929,22741900,13533400
2023-09-22,512200,地产ETF,132326980,14776380,11810661,24895812,4043400,4250300
2023-09-22,512220,TMTETF,3103375,204267,132617,0,0,0
2023-09-22,512290,生物医药,181861313,9957284,6370221,12741213,2626900,1306600
2023-09-22,512400,有色ETF,77877078,15619740,6054108,9510040,796500,1764900
2023-09-22,512480,半导体,1228076378,295777487,325788849,243652084,108217102,103617600
2023-09-22,512500,中证500,57051052,1412003,2071673,50393056,1236700,1367700
2023-09-22,512510,ETF500,5500878,505955,11279,42000,40000,0
2023-09-22,512560,中证军工,30580998,995235,571816,0,0,0
2023-09-22,512580,环保ETF,17080758,792169,641230,820000,0,0
2023-09-22,512660,军工ETF,332521072,14741181,21889130,22251681,6058600,5587900
2023-09-22,512670,国防ETF,144163457,7497027,7546319,4154678,1037400,2490100
2023-09-22,512680,军工基金,13619562,1662824,1331312,750000,750000,750000
2023-09-22,512690,酒ETF,362376604,91588166,88435288,53894584,5232800,4090900
2023-09-22,512700,银行基金,56673559,5294707,6142389,2430900,1240400,1240400
2023-09-22,512710,军工龙头,188792593,5951218,7561148,9125904,3749900,3750000
2023-09-22,512720,计算机,23751774,1831092,1320090,14520000,20000,0
2023-09-22,512760,芯片ETF,450441432,28940363,36363387,58833412,1510100,11985800
2023-09-22,512800,银行ETF,951909469,31567344,24861685,22153200,3431100,3127200
2023-09-22,512810,国防军工,3502239,1179894,408578,2000000,0,0
2023-09-22,512880,证券ETF,2313121742,290964836,335297098,158061474,24095500,19559300
2023-09-22,512890,红利低波,34368443,8312187,6081734,0,0,0
2023-09-22,512900,证券基金,45488601,2048663,6271055,3501300,500000,500000
2023-09-22,512950,央企改革,4880415,40786,313428,0,0,0
2023-09-22,512980,传媒ETF,44232402,4509774,8260061,9503373,3750000,3749900
2023-09-22,513010,港股科技,151386401,20818420,26932179,0,0,0
2023-09-22,513050,中概互联,3765688372,104423779,123213211,0,0,0
2023-09-22,513060,恒生医疗,722973706,87465704,83942821,7000000,0,0
2023-09-22,513090,香港证券,328915497,64789560,92528709,0,0,0
2023-09-22,513100,纳指ETF,658641087,156910726,150964537,0,0,0
2023-09-22,513110,纳指100,19881435,6900531,4913144,0,0,0
2023-09-22,513120,HK创新药,261513408,56188716,60796605,0,0,0
2023-09-22,513130,恒生科技,898180315,152937817,219623452,9619400,3701000,1028400
2023-09-22,513180,恒指科技,914741019,154788158,203354380,5187900,1633300,329800
2023-09-22,513200,港股医药,16232879,2980702,2222507,0,0,0
2023-09-22,513300,纳斯达克,199605167,14327552,15122422,0,0,0
2023-09-22,513330,恒生互联,1862000991,140211134,241245440,16800000,0,0
2023-09-22,513380,科技恒生,7641407,6282674,9200915,0,0,0
2023-09-22,513500,标普500,428220871,8190159,8813794,0,0,0
2023-09-22,513550,港股通50,18450607,1473757,390100,0,0,0
2023-09-22,513580,HS科技,45085088,7668689,11104651,0,0,0
2023-09-22,513600,恒指ETF,74625803,3464121,6117203,0,0,0
2023-09-22,513660,恒生通,291326091,5127411,6005506,0,0,0
2023-09-22,513690,恒生股息,25459788,654794,789267,0,0,0
2023-09-22,513700,香港医药,12739583,599078,920946,0,0,0
2023-09-22,513770,港股互联,21952318,2934928,4908937,0,0,0
2023-09-22,513980,科技港股,56076436,1053600,4376158,0,0,0
2023-09-22,515000,科技ETF,59810675,3395723,2539321,2620000,1000000,1000000
2023-09-22,515010,华夏证券,15710004,816095,1295804,0,0,0
2023-09-22,515030,新汽车,241577219,11745721,17087346,13065781,2500000,2285200
2023-09-22,515050,5GETF,102860537,7721690,4318355,5943500,2377700,687900
2023-09-22,515060,华夏地产,2792789,351552,764107,0,0,0
2023-09-22,515070,AI智能,48971821,3626078,4055019,2000000,0,0
2023-09-22,515080,中证红利,39550982,4230386,5216141,0,0,0
2023-09-22,515100,红利100,31341375,1817719,993823,0,0,0
2023-09-22,515120,创新药,119901646,14474061,8135566,15013379,6832800,7355700
2023-09-22,515170,食品饮料,35637603,2346227,3027391,6846000,1340100,1500000
2023-09-22,515180,100红利,18552711,2024361,2236295,1510000,0,0
2023-09-22,515210,钢铁ETF,18347114,2867775,2522774,1820700,844800,1706700
2023-09-22,515220,煤炭ETF,37785362,4488921,7720636,6252227,1136100,1593600
2023-09-22,515230,软件ETF,29191245,2355379,3827898,22440700,1644300,7464000
2023-09-22,515250,智能汽车,22353823,5091902,943863,19033600,5830200,5473900
2023-09-22,515260,电子ETF,7730685,453876,568522,0,0,0
2023-09-22,515290,银行,14350590,3441809,2007605,3978500,1904000,1944000
2023-09-22,515330,天弘300,6284079,43659,189287,44200,0,0
2023-09-22,515380,泰康300,43527704,400754,1331060,70000,0,0
2023-09-22,515400,大数据,27477104,8289594,3561077,18163900,2962400,16262800
2023-09-22,515600,央企创新,494487,1315,186193,0,0,0
2023-09-22,515650,消费50,34671990,1729701,2142532,0,0,0
2023-09-22,515700,新能车,141419856,7610154,6537948,8990600,3156300,2116100
2023-09-22,515710,食品ETF,6911541,534991,271848,0,0,0
2023-09-22,515750,科技50,6445402,836079,747851,0,0,0
2023-09-22,515790,光伏ETF,518373929,59879625,63142154,56822335,12674600,18591561
2023-09-22,515800,800ETF,30403559,17208129,2414632,0,0,0
2023-09-22,515880,通信ETF,50674573,17546073,7994434,7556598,275800,284600
2023-09-22,515900,央创ETF,3368486,21052,192998,0,0,0
2023-09-22,515950,医药龙头,10388065,280244,145937,0,0,0
2023-09-22,515980,人工智能,21424325,6444449,4573132,0,0,0
2023-09-22,516010,游戏ETF,22614117,8524353,16764089,14751700,851700,0
2023-09-22,516020,化工ETF,6854307,412024,104438,0,0,0
2023-09-22,516090,新能源E,21355052,3227436,3683481,1000000,0,0
2023-09-22,516110,汽车ETF,10619242,2333797,609809,12317800,0,0
2023-09-22,516150,稀土基金,14306953,2433568,236823,1500000,1000000,862800
2023-09-22,516160,新能源,318081372,14580022,17581152,23785288,3460000,3548800
2023-09-22,516390,电动车,6862934,791835,642807,0,0,0
2023-09-22,516510,云计算,25040805,5463551,7502721,12626671,1926671,1926700
2023-09-22,516640,芯片龙头,19679789,1342709,1591325,1000000,1000000,973400
2023-09-22,516670,畜牧养殖,5469873,820009,402553,0,0,0
2023-09-22,516780,稀土ETF,17371526,611164,412505,1211000,0,0
2023-09-22,516820,医疗创新,64082652,3984415,4761413,0,0,0
2023-09-22,516880,光伏50,31073767,1662064,2000966,5619000,0,0
2023-09-22,516950,基建ETF,9796475,1653502,2466064,4437800,1032600,1044800
2023-09-22,516970,基建50,29270577,1120509,2197112,11481302,1717200,824300
2023-09-22,517050,互联网50,4205412,8413,30367,0,0,0
2023-09-22,517080,HGS500,14357444,146,1670161,0,0,0
2023-09-22,517090,共赢ETF,1984918,489008,529623,0,0,0
2023-09-22,517180,中国国企,8325986,5492980,4352878,0,0,0
2023-09-22,517300,AH300ETF,968006,1356,11543,0,0,0
2023-09-22,518800,黄金基金,574385330,21460921,21142989,0,0,0
2023-09-22,518880,黄金ETF,12949914762,94059690,96473952,13800,0,0
2023-09-22,560010,1000基金,13691542,5851155,4465170,341798936,4126569,4170953
2023-09-22,560050,MSCIA50,32529916,786475,2546689,0,0,0
2023-09-22,560070,央企分红,3771705,12573,1215366,0,0,0
2023-09-22,560080,中药ETF,25978478,2068664,3259237,5596400,1310700,1310700
2023-09-22,560090,证券指数,2839263,930277,2344933,0,0,0
2023-09-22,560110,ZZ1000,696988,10339,23557,0,0,0
2023-09-22,560500,500质量,2355274,2206,1230,0,0,0
2023-09-22,560550,碳中和,1045621,4724,51125,0,0,0
2023-09-22,560700,央红利50,2357417,113138,189472,0,0,0
2023-09-22,560800,数字ETF,39526029,3633952,4001789,2499923,0,0
2023-09-22,560880,家电基金,323881,401366,402388,0,0,0
2023-09-22,561160,锂电池,24971269,2294409,1177399,3295300,1295300,1338600
2023-09-22,561190,双碳ETF,3367596,77213,161715,0,0,0
2023-09-22,561300,300增ETF,4094023,298753,390675,0,0,0
2023-09-22,561350,国泰500,1611548,5046,269517,36336600,4811400,60000
2023-09-22,561550,500指增,4464830,176284,33912,0,0,0
2023-09-22,561560,电力ETF,1596009,221963,88604,0,0,0
2023-09-22,561580,央企红利,2991077,2006,358568,0,0,0
2023-09-22,561910,电池ETF,5150092,943524,572060,0,0,0
2023-09-22,561960,央企回报,57354,0,0,0,0,0
2023-09-22,561990,300增强,7199215,251174,179920,0,0,0
2023-09-22,562310,300成长,9374707,4864003,2872390,0,0,0
2023-09-22,562510,旅游ETF,33385208,3319564,1482683,0,0,0
2023-09-22,562800,稀有金属,46091910,2771536,3022632,2930000,0,0
2023-09-22,562860,疫苗ETF,3168056,838221,646379,0,0,0
2023-09-22,562990,碳中和E,8850184,1469450,867041,0,0,0
2023-09-22,563000,中国A50,16861479,407223,3434139,0,0,0
2023-09-22,588000,科创50,5543519129,1089567110,1139437945,302345390,159860979,135853371
2023-09-22,588050,科创ETF,377304175,34163904,45377903,6997637,3009600,4106500
2023-09-22,588060,上证科创,87957412,12238623,17849921,1500000,1500000,972600
2023-09-22,588080,科创板50,843032764,138904783,158122405,36883787,6936600,8057600
2023-09-22,588090,科创板,205157226,13744785,16980764,2197200,0,1963815
2023-09-22,588100,科创信息,29539585,3951766,1757207,3000000,0,0
2023-09-22,588180,科创50基,72358267,2755852,5481711,88000000,0,0
2023-09-22,588200,科创芯片,592765537,123089218,80725772,8467000,2000000,2700000
2023-09-22,588290,芯片科创,31240887,12121328,3938307,11300000,0,0
2023-09-22,588300,双创ETF,19294784,366287,775976,0,0,0
2023-09-22,588330,双创龙头,13546981,1243488,1701861,6350000,0,0
2023-09-22,588360,创创ETF,11406446,2291642,2544681,0,0,0
2023-09-22,588380,创50ETF,17148766,755938,3033085,1000000,1000000,1000000
2023-09-22,588400,双创50,34269405,790689,4335323,0,0,0
2023-09-22,588460,科创增强,38770401,3956919,5002065,0,0,0
2023-09-22,600000,浦发银行,3225921840,11782719,19819411,3828830,127613,553800
2023-09-22,600004,白云机场,391425330,9735642,9265149,192392,13500,15500
2023-09-22,600006,东风汽车,331858097,13475980,3553029,339408,129900,46200
2023-09-22,600007,中国国贸,143822620,2633486,8783709,192209,29200,2000
2023-09-22,600008,首创环保,701076464,33919486,33348727,12238222,304300,717800
2023-09-22,600009,上海机场,1535667574,23598868,33043377,300613,13700,37600
2023-09-22,600010,包钢股份,1716090685,40757470,61539630,33540900,9749100,3877000
2023-09-22,600011,华能国际,276497482,15616491,9802887,3000967,139600,183900
2023-09-22,600012,皖通高速,25715021,3845682,2436881,106800,48200,7400
2023-09-22,600015,华夏银行,939894310,12288022,15682119,468769,27300,63600
2023-09-22,600016,民生银行,6411453214,46475444,40869454,32596346,397100,301400
2023-09-22,600017,日照港,261976522,7430490,3745563,239998,89700,29200
2023-09-22,600018,上港集团,324353125,5520773,4500663,292799,30600,34000
2023-09-22,600019,宝钢股份,1155367802,46801083,26636845,4395035,225800,437500
2023-09-22,600020,中原高速,138548137,8882597,3837958,8100,0,0
2023-09-22,600021,上海电力,900629281,12564631,12401776,2419323,6900,575400
2023-09-22,600022,山东钢铁,427977107,8753177,8269082,6757117,2086400,1110700
2023-09-22,600023,浙能电力,236460315,21123878,4900531,3318800,106000,124300
2023-09-22,600025,华能水电,2089278301,29462908,15951444,1304875,11500,26000
2023-09-22,600026,中远海能,367987481,35927389,28943198,324671,106500,233900
2023-09-22,600027,华电国际,225158624,8375647,8302699,5298673,190100,486900
2023-09-22,600028,中国石化,1216958800,28337655,65465294,6454647,459800,260000
2023-09-22,600029,南方航空,1376263796,6518544,11284268,2025490,49900,149700
2023-09-22,600030,中信证券,11432192878,310527349,292299608,3314789,694100,434945
2023-09-22,600031,三一重工,2492823315,31584432,52963507,617090,141800,17700
2023-09-22,600032,浙江新能,89603008,1310076,1687098,2357530,34500,34200
2023-09-22,600033,福建高速,319735136,4639415,2028861,0,0,0
2023-09-22,600035,楚天高速,104796727,5302358,3538898,70400,0,189800
2023-09-22,600036,招商银行,7249573500,75191404,204054418,3373903,1007800,385600
2023-09-22,600037,歌华有线,666471256,12623861,10422474,744505,23100,23300
2023-09-22,600038,中直股份,1027236806,21822424,22209967,381202,61400,8900
2023-09-22,600039,四川路桥,741517902,32357817,40947250,980987,80900,165300
2023-09-22,600048,保利发展,2255607496,66991289,35382688,4054991,148700,276600
2023-09-22,600050,中国联通,2609503471,79099033,130094779,5323712,930100,1772700
2023-09-22,600053,九鼎投资,141484944,493723,1902609,2000,0,0
2023-09-22,600055,万东医疗,839124522,1405801,9273281,81324,4500,31700
2023-09-22,600056,中国医药,472682368,6294461,11219076,1715728,81800,122000
2023-09-22,600057,厦门象屿,260353177,12977427,5899391,1198302,157700,900
2023-09-22,600058,五矿发展,253848549,1675534,6833961,135852,6800,2799
2023-09-22,600059,古越龙山,383041603,10619891,11321975,314317,143000,39089
2023-09-22,600060,海信视像,217902432,4387174,2791017,696739,25400,28900
2023-09-22,600061,国投资本,1054207143,26024871,15730817,731964,8700,5000
2023-09-22,600062,华润双鹤,550818939,6716981,10610360,252444,30700,24400
2023-09-22,600063,皖维高新,704799135,2510231,5930086,722854,17600,172200
2023-09-22,600064,南京高科,343689327,9176782,9420848,1077888,466200,0
2023-09-22,600066,宇通客车,155496461,10825570,3778922,1045890,66600,58400
2023-09-22,600067,冠城大通,260993357,2857193,3545503,77800,0,0
2023-09-22,600071,凤凰光学,173610205,8285200,4847914,4100,0,17100
2023-09-22,600072,中船科技,529680209,18857801,30656043,717582,49600,115796
2023-09-22,600073,上海梅林,452546650,5847816,7834666,697700,16400,38400
2023-09-22,600075,新疆天业,294798546,19948164,26613340,1419384,186090,99752
2023-09-22,600076,康欣新材,148974270,10732028,6041312,18000,0,73100
2023-09-22,600079,人福医药,370741866,118152818,54164199,2303143,1446720,162066
2023-09-22,600081,东风科技,106739862,8999731,12415876,1300,0,0
2023-09-22,600085,同仁堂,745823229,17912140,11406478,140700,6400,5600
2023-09-22,600088,中视传媒,149589794,2745392,7506157,23500,0,0
2023-09-22,600089,特变电工,4386509035,48839997,73513624,2699123,1174285,80290
2023-09-22,600094,大名城,605869945,857331,4230531,128200,7500,0
2023-09-22,600095,湘财股份,497133637,25638971,17934894,5168841,617800,771251
2023-09-22,600096,云天化,1797931054,21907770,28782611,2088225,149800,49500
2023-09-22,600098,广州发展,462467441,10400209,1902660,1744512,34300,400
2023-09-22,600100,同方股份,1434882118,129876195,102511805,5053591,646400,636499
2023-09-22,600101,明星电力,131238012,595682,1400638,1100,0,0
2023-09-22,600104,上汽集团,1420335151,18583205,19160977,456500,68600,122300
2023-09-22,600105,永鼎股份,423300215,49095096,29517249,485910,99500,161900
2023-09-22,600106,重庆路桥,265290879,9667608,13471152,0,0,0
2023-09-22,600107,美尔雅,170137352,4325435,2891682,13700,0,6000
2023-09-22,600108,亚盛集团,371360149,13060185,7983162,435186,15400,30600
2023-09-22,600109,国金证券,2139517998,44079842,63878100,4128113,268881,198801
2023-09-22,600110,诺德股份,768563285,2352816,7447402,2358548,392900,370200
2023-09-22,600111,北方稀土,3671732459,46410086,29170960,12470615,139440,302000
2023-09-22,600113,浙江东日,210528543,3918347,5493856,8000,0,0
2023-09-22,600114,东睦股份,353572255,41453122,38035375,9451,1200,1200
2023-09-22,600115,中国东航,350395942,21682749,6355068,1057250,67200,325900
2023-09-22,600116,三峡水利,706024385,37681228,5638696,1109188,42400,124900
2023-09-22,600118,中国卫星,1329976887,24393389,25346619,1878596,135578,458436
2023-09-22,600120,浙江东方,947347099,8975832,7210681,689002,15400,67100
2023-09-22,600121,郑州煤电,96264834,4505033,4550581,1307100,48800,624400
2023-09-22,600123,兰花科创,653806940,61201452,29035876,1012198,222490,330900
2023-09-22,600125,铁龙物流,381061049,12084853,10032227,506716,13800,80900
2023-09-22,600126,杭钢股份,477850719,1746465,2420365,780854,8100,100500
2023-09-22,600127,金健米业,143730164,2950057,7383711,0,0,0
2023-09-22,600129,太极集团,192388814,7725324,5598833,452319,113300,59200
2023-09-22,600130,波导股份,250143977,8375520,5020731,0,0,0
2023-09-22,600131,国网信通,201552999,2493049,3003398,439946,13700,17800
2023-09-22,600132,重庆啤酒,343521045,18148100,17624502,328247,25000,31085
2023-09-22,600133,东湖高新,429131418,22729475,16440289,0,0,0
2023-09-22,600135,乐凯胶片,250016318,1556996,5928051,17282,0,0
2023-09-22,600138,中青旅,563845986,22608496,13516616,888403,46200,59600
2023-09-22,600141,兴发集团,1278679356,21656832,18666986,1331879,71000,75500
2023-09-22,600143,金发科技,1028249448,7446475,3612666,2114781,16600,5400
2023-09-22,600150,中国船舶,2896002422,135524311,82099270,677986,101500,288900
2023-09-22,600151,航天机电,1036527009,2113391,1248078,226047,6900,1200
2023-09-22,600153,建发股份,435347183,8270021,7069272,1347547,117000,83900
2023-09-22,600155,华创云信,1178360313,398933803,324627354,17726944,5326077,4127623
2023-09-22,600157,永泰能源,1080117585,94784248,107222939,59104192,3986600,10209463
2023-09-22,600158,中体产业,733266617,11290776,13450690,601613,24800,26000
2023-09-22,600160,巨化股份,1183507431,33650160,38232601,1960073,172300,198625
2023-09-22,600161,天坛生物,1162290527,6216919,8598162,458055,5200,11000
2023-09-22,600162,香江控股,159595401,3959845,4688061,3300,0,0
2023-09-22,600163,中闽能源,270020243,3033791,2474246,3272599,129900,51500
2023-09-22,600165,宁科生物,66634155,341098,630792,0,0,0
2023-09-22,600166,福田汽车,498427334,5634249,7113257,3808523,501000,789042
2023-09-22,600167,联美控股,538531984,1201601,2170672,1047600,42700,12000
2023-09-22,600168,武汉控股,86474872,1025556,3617935,0,0,0
2023-09-22,600169,太原重工,226567115,4615797,3681949,541008,71100,13400
2023-09-22,600170,上海建工,363245640,8077304,11698016,3988763,234700,236700
2023-09-22,600171,上海贝岭,669231820,4234084,6779270,568448,20300,23300
2023-09-22,600172,黄河旋风,281355694,17188163,14945031,1178733,174500,250650
2023-09-22,600176,中国巨石,902624344,4985522,9931335,455479,70900,38200
2023-09-22,600177,雅戈尔,456480663,11551795,25926736,5721756,144800,112300
2023-09-22,600179,安通控股,64277735,2267765,1820819,1288473,1200,677400
2023-09-22,600180,瑞茂通,269196010,6938970,4253949,0,0,0
2023-09-22,600183,生益科技,634890008,15403177,9465915,1386840,81400,115500
2023-09-22,600184,光电股份,228807797,3778927,2503449,311655,1100,4800
2023-09-22,600185,格力地产,642611368,7070151,16342805,1488957,49600,247300
2023-09-22,600187,国中水务,239239809,8555409,7537776,23700,0,8000
2023-09-22,600188,兖矿能源,852337405,87727557,98064772,4626959,200350,518300
2023-09-22,600190,锦州港,177996811,23861794,24981147,0,0,0
2023-09-22,600192,长城电工,105874089,4577262,4602623,0,0,0
2023-09-22,600195,中牧股份,220797258,10990651,4399224,883051,33800,20800
2023-09-22,600196,复星医药,2886914134,19583819,28660396,2656055,68200,67600
2023-09-22,600197,伊力特,337291122,9627584,7756980,192073,61300,58586
2023-09-22,600199,金种子酒,781534136,9952061,5461224,1028899,21300,213800
2023-09-22,600200,江苏吴中,269448432,6162880,4124821,7600,0,100
2023-09-22,600201,生物股份,833098787,6611049,4612493,463562,37800,63400
2023-09-22,600206,有研新材,635771512,5805684,4497079,1716779,9600,6088
2023-09-22,600207,安彩高科,179286499,1247540,2467949,0,0,0
2023-09-22,600208,新湖中宝,912083589,27809319,22678139,57872845,16600,481000
2023-09-22,600210,紫江企业,346042602,5775941,6270217,348247,8800,36900
2023-09-22,600211,西藏药业,212366203,5423164,12582876,76163,5700,12100
2023-09-22,600212,绿能慧充,67776788,2298408,6469120,0,0,0
2023-09-22,600213,亚星客车,47396672,1550038,2776275,0,0,0
2023-09-22,600216,浙江医药,534505173,1514220,3736505,429729,5100,0
2023-09-22,600217,中再资环,371101223,4478850,8938249,887489,119400,3700
2023-09-22,600218,全柴动力,448603511,1664308,677959,300,0,0
2023-09-22,600219,南山铝业,988679314,25538913,18507656,4130030,231400,150900
2023-09-22,600220,江苏阳光,131742239,959903,2218178,0,0,0
2023-09-22,600221,海航控股,350270248,1852307,3656081,46000,0,0
2023-09-22,600222,太龙药业,174714800,1313878,856473,543100,0,0
2023-09-22,600223,福瑞达,453884756,2863667,6870608,327165,18500,24725
2023-09-22,600225,卓朗科技,427265950,802078,1381611,489604,33700,22200
2023-09-22,600229,城市传媒,160094521,1722385,4156638,3300,3300,2000
2023-09-22,600230,沧州大化,366781413,1379548,1250177,2520,0,0
2023-09-22,600231,凌钢股份,126573476,1090810,2143233,85100,0,0
2023-09-22,600233,圆通速递,253318776,7902861,7274174,220873,42800,4800
2023-09-22,600236,桂冠电力,96759052,7206807,1672963,3129668,4400,1600
2023-09-22,600237,铜峰电子,308604846,9171877,6164222,0,0,0
2023-09-22,600238,海南椰岛,91493478,2090185,1816840,826933,41200,43300
2023-09-22,600246,万通发展,499303015,2196352,2812427,1283584,254700,88601
2023-09-22,600248,陕建股份,288939498,12499935,12109075,361909,54300,89892
2023-09-22,600251,冠农股份,379155721,15103675,65996691,207800,207600,8500
2023-09-22,600252,中恒集团,373844636,9075855,12999692,1623038,417300,103100
2023-09-22,600255,鑫科材料,81102345,623671,1789301,0,0,0
2023-09-22,600256,广汇能源,1730320911,115290751,170531511,3392306,555751,363366
2023-09-22,600257,大湖股份,232595820,19588466,21114157,43100,0,0
2023-09-22,600258,首旅酒店,288718686,18442080,9792916,441171,73000,66600
2023-09-22,600259,广晟有色,827221486,7173402,11993358,519373,28300,11300
2023-09-22,600261,阳光照明,128923061,1351901,831477,84500,10600,7900
2023-09-22,600266,城建发展,440083562,20512291,23580723,1188973,205600,546350
2023-09-22,600267,海正药业,715354136,7793072,7227788,153427,5000,19600
2023-09-22,600268,国电南自,225615737,6430581,4128027,30000,0,0
2023-09-22,600269,赣粤高速,210878750,13229161,17342952,0,0,0
2023-09-22,600271,航天信息,688680498,8908244,15721525,1088827,26100,117800
2023-09-22,600273,嘉化能源,1156266491,6482220,35380478,481159,22500,24900
2023-09-22,600276,恒瑞医药,3919463398,43027912,42906612,5863113,261000,317715
2023-09-22,600277,亿利洁能,389851135,5632590,4597510,1141136,6900,97800
2023-09-22,600278,东方创业,214173567,2878735,6033846,2600,0,0
2023-09-22,600282,南钢股份,227467372,5577124,6900467,3222300,135900,505600
2023-09-22,600284,浦东建设,129665451,3375138,5909280,2500590,37000,27900
2023-09-22,600285,羚锐制药,203050466,6344377,6883125,342648,37800,61500
2023-09-22,600287,江苏舜天,82537729,4257130,3449817,100,0,0
2023-09-22,600288,大恒科技,401316092,870539,4387039,51800,1200,8500
2023-09-22,600292,远达环保,203742330,6182001,6385036,1200,0,0
2023-09-22,600293,三峡新材,140973433,2178884,2024769,462050,13200,126300
2023-09-22,600295,鄂尔多斯,218269740,4260333,2600145,245035,10500,11956
2023-09-22,600297,广汇汽车,653480258,7398488,13328050,7540211,294700,129800
2023-09-22,600298,安琪酵母,633935750,8648927,7287409,497559,24400,29947
2023-09-22,600299,安迪苏,187278798,616595,1579923,316648,12700,5900
2023-09-22,600305,恒顺醋业,234487370,1972268,2284746,902597,59636,14600
2023-09-22,600307,酒钢宏兴,292623751,10022459,6335968,1326300,59100,70400
2023-09-22,600308,华泰股份,346887521,1327462,1932173,364609,12900,29900
2023-09-22,600309,万华化学,1655085359,17924114,21737449,302360,32600,47700
2023-09-22,600310,广西能源,125718703,4914975,2842425,622600,0,18800
2023-09-22,600312,平高电气,291404337,8361934,3633297,417027,9800,16000
2023-09-22,600313,农发种业,249072021,5155319,6752963,2684612,98500,84400
2023-09-22,600315,上海家化,567549885,9558262,8027536,409855,58300,5000
2023-09-22,600316,洪都航空,639871828,9642419,5962390,465586,31389,49300
2023-09-22,600318,新力金融,209483645,6132476,3092380,9300,0,300
2023-09-22,600320,振华重工,267524751,7915249,3813725,2494362,0,0
2023-09-22,600322,天房发展,119819937,10696915,16498762,54300,0,0
2023-09-22,600323,瀚蓝环境,282198277,3314434,2255134,487674,51500,24100
2023-09-22,600325,华发股份,372594285,9941643,5181300,2845808,307900,92900
2023-09-22,600326,西藏天路,318581059,41780420,66910950,571490,169000,165700
2023-09-22,600328,中盐化工,592079576,12248372,12974511,670897,44800,68500
2023-09-22,600329,达仁堂,315768596,5828881,6231458,169964,30300,82900
2023-09-22,600330,天通股份,1040685236,25460622,53325364,839420,54017,176520
2023-09-22,600331,宏达股份,195764853,1289548,1505355,812190,227800,8400
2023-09-22,600332,白云山,1051995054,18758295,15236297,96061,8500,23200
2023-09-22,600333,长春燃气,87375149,4197337,2666498,0,0,0
2023-09-22,600335,国机汽车,418234005,4501341,10587514,193035,31200,76100
2023-09-22,600336,澳柯玛,397476147,3640845,5787611,118200,6600,15100
2023-09-22,600337,美克家居,107051911,2339692,1598452,64000,60600,208300
2023-09-22,600338,西藏珠峰,832296534,7006491,8644725,1227633,71000,70200
2023-09-22,600339,中油工程,381132952,10227845,7381007,1220200,77300,26000
2023-09-22,600340,华夏幸福,340118528,1129771,2773069,1195490,155700,158000
2023-09-22,600343,航天动力,327572087,2443989,3058740,13800,0,0
2023-09-22,600345,长江通信,175233383,4492448,7753187,348800,0,500
2023-09-22,600346,恒力石化,4393793287,10818797,2147048,45749,8200,4600
2023-09-22,600348,华阳股份,1205949923,54753014,44290721,1235202,110550,163054
2023-09-22,600350,山东高速,76838296,5392381,4723023,863504,34000,72800
2023-09-22,600351,亚宝药业,408514798,19808272,15338952,195334,13500,117500
2023-09-22,600352,浙江龙盛,1610322718,2028807,9875711,1948845,9000,46800
2023-09-22,600353,旭光电子,203310789,18383020,9779968,29900,9100,44200
2023-09-22,600354,敦煌种业,118581224,1846303,4408497,0,0,0
2023-09-22,600359,新农开发,89428577,2553968,2696934,24600,0,400
2023-09-22,600360,华微电子,435201970,20547016,18815799,1665753,142300,141800
2023-09-22,600362,江西铜业,987052358,14601136,14273798,179649,15500,38100
2023-09-22,600363,联创光电,1135780595,13320824,16153665,222963,54673,54600
2023-09-22,600366,宁波韵升,448277419,3131558,5084939,1165654,107200,64538
2023-09-22,600367,红星发展,120428149,4992485,4595947,52800,8700,10400
2023-09-22,600368,五洲交通,85543822,7803710,5177125,31100,3700,20000
2023-09-22,600369,西南证券,819839977,29864336,32700795,8713856,773000,950200
2023-09-22,600372,中航机载,1779376512,51508690,27259433,7692915,66500,36200
2023-09-22,600373,中文传媒,232824039,10171039,17588558,1002439,271085,117600
2023-09-22,600375,汉马科技,208384392,5345313,9015457,0,0,0
2023-09-22,600376,首开股份,286145811,730374,1657548,817272,20200,296600
2023-09-22,600377,宁沪高速,34377220,1790603,4694656,869000,77900,98700
2023-09-22,600378,昊华科技,78360236,987072,2284937,231758,14800,51000
2023-09-22,600379,宝光股份,74866221,554789,5298675,265800,9000,0
2023-09-22,600380,健康元,354089540,5221046,9260205,762070,9700,2300
2023-09-22,600381,青海春天,55295765,1505769,1533064,0,0,0
2023-09-22,600383,金地集团,1518057880,53471211,57988907,12879868,108400,433300
2023-09-22,600386,北巴传媒,118372101,690927,2903725,0,0,0
2023-09-22,600389,江山股份,329284576,2283613,2526059,369153,12900,11800
2023-09-22,600390,五矿资本,860548559,15415787,18224627,1271334,43800,5700
2023-09-22,600391,航发科技,361226079,8736945,5486784,118254,19700,72432
2023-09-22,600392,盛和资源,1528889963,6981611,6785027,2115077,236700,269710
2023-09-22,600395,盘江股份,389360634,4713136,3951927,1116659,38800,8100
2023-09-22,600398,海澜之家,77338134,5471283,5479995,5932476,1848756,271400
2023-09-22,600399,抚顺特钢,207442994,16753912,11978804,2356584,596200,273200
2023-09-22,600400,红豆股份,293883907,813419,394946,399764,46000,47800
2023-09-22,600403,大有能源,48352630,3366878,1868494,134798,27500,3300
2023-09-22,600405,动力源,89207399,548623,1165571,0,0,0
2023-09-22,600406,国电南瑞,596752449,3777510,14852782,909387,174300,108600
2023-09-22,600409,三友化工,352402269,13054544,2368783,2263330,74300,7100
2023-09-22,600410,华胜天成,627322242,9082075,9800586,141600,1800,2200
2023-09-22,600415,小商品城,1555705657,110967929,139934497,26639258,685800,2140470
2023-09-22,600416,湘电股份,779737355,16096509,13459997,1618620,370900,397200
2023-09-22,600418,江淮汽车,1252622932,88532696,56856018,4569435,417697,7353019
2023-09-22,600420,国药现代,166570847,7590808,14641591,119189,77000,27000
2023-09-22,600422,昆药集团,426531962,13470997,3223471,271457,98700,64100
2023-09-22,600425,青松建化,298210090,13459427,13121576,270900,70200,213900
2023-09-22,600426,华鲁恒升,361543457,14806492,8656740,161660,26600,38300
2023-09-22,600428,中远海特,454974771,4734930,10637833,717606,30600,144800
2023-09-22,600433,冠豪高新,395806278,5051636,2083723,0,0,0
2023-09-22,600435,北方导航,596140504,13703570,10343929,1160627,84700,302000
2023-09-22,600436,片仔癀,2205009044,32267360,44157038,304900,3100,8800
2023-09-22,600438,通威股份,5467959027,39257371,110550977,4748248,78301,1757000
2023-09-22,600446,金证股份,1094801329,31389995,20334397,274104,89800,157900
2023-09-22,600448,华纺股份,80634676,1795222,1292534,0,0,0
2023-09-22,600449,宁夏建材,489600944,10016886,13779596,771266,9500,163193
2023-09-22,600452,涪陵电力,822544645,7551452,3359412,575132,14900,74160
2023-09-22,600456,宝钛股份,573785914,10720927,13093594,407077,19200,51600
2023-09-22,600458,时代新材,258088388,2850839,3593344,175909,4900,6900
2023-09-22,600459,贵研铂业,337591340,2777609,4310582,77982,1900,18080
2023-09-22,600460,士兰微,1315309370,12372550,18195611,2302340,30700,51600
2023-09-22,600467,好当家,186906696,4479417,2098482,200,0,0
2023-09-22,600469,风神股份,82566072,4485189,2344530,9000,9000,0
2023-09-22,600470,六国化工,96088387,3416498,5046868,0,0,0
2023-09-22,600475,华光环能,106271423,2761501,807829,236424,0,1000
2023-09-22,600477,杭萧钢构,347277504,4217876,10240866,1832452,141900,13100
2023-09-22,600478,科力远,635454398,3312504,8209219,956277,13500,53600
2023-09-22,600480,凌云股份,187044281,10815239,3440364,473944,8900,57200
2023-09-22,600481,双良节能,972462783,55272636,86898535,2759844,712000,347699
2023-09-22,600482,中国动力,528478077,32439519,11426549,767697,108700,113600
2023-09-22,600483,福能股份,264216321,8315457,6669549,1566782,30170,104000
2023-09-22,600486,扬农化工,184681288,4009769,2758933,307770,57500,10869
2023-09-22,600487,亨通光电,1705811728,32257190,39543191,2252442,37700,101600
2023-09-22,600489,中金黄金,881830417,20887862,37911259,1627694,306300,120750
2023-09-22,600490,鹏欣资源,468456985,6191816,23552963,352600,40400,177400
2023-09-22,600491,龙元建设,589681755,5026544,12096088,1753001,92500,6100
2023-09-22,600495,晋西车轴,242260593,3310893,2764774,0,0,0
2023-09-22,600496,精工钢构,89561617,2589545,5382338,1048478,22900,56800
2023-09-22,600497,驰宏锌锗,1309712818,39682822,33017616,3587683,129300,49500
2023-09-22,600498,烽火通信,616766721,78309053,48405209,1185217,396500,245862
2023-09-22,600499,科达制造,1566699684,16212519,25604650,3163927,275398,33900
2023-09-22,600500,中化国际,755595220,9587322,4800840,1657151,21400,60200
2023-09-22,600501,航天晨光,248072136,5404449,3665309,0,0,0
2023-09-22,600502,安徽建工,432608541,17785008,12970934,665900,41500,800
2023-09-22,600503,华丽家族,407700434,23960013,25724553,981099,96500,32900
2023-09-22,600507,方大特钢,140783778,2011676,1639715,860434,6200,47300
2023-09-22,600508,上海能源,311262691,13819340,5404041,162300,33900,24600
2023-09-22,600509,天富能源,342686482,5479884,3469454,11179000,0,0
2023-09-22,600510,黑牡丹,166020379,1907594,2761348,153633,31500,11300
2023-09-22,600511,国药股份,240824543,20426567,13086516,303501,87000,15200
2023-09-22,600512,腾达建设,234806035,4122012,3147291,315400,206600,0
2023-09-22,600515,海南机场,270791978,8676634,9347404,19500,300,6800
2023-09-22,600516,方大炭素,1018076938,6800857,5522928,5233842,19400,52900
2023-09-22,600517,国网英大,507539954,5176964,8258431,1926500,34400,600
2023-09-22,600519,贵州茅台,18015591006,513071975,540511894,206771,23400,21767
2023-09-22,600521,华海药业,678107539,12939030,12080961,413026,15300,4000
2023-09-22,600522,中天科技,2051260085,55883290,39928939,2785350,876500,240700
2023-09-22,600523,贵航股份,311786801,1418603,6281021,35876,15700,10200
2023-09-22,600525,长园集团,369289999,6440136,4373326,5612400,1522100,0
2023-09-22,600528,中铁工业,410027286,4983831,13737850,1275907,12900,8000
2023-09-22,600529,山东药玻,455393383,3156399,1902740,285356,13600,16700
2023-09-22,600531,豫光金铅,348607146,11551917,16167606,719086,15200,25400
2023-09-22,600533,栖霞建设,238263297,4462848,5016910,337400,21700,32700
2023-09-22,600535,天士力,464018533,11998426,25520376,670936,78700,6600
2023-09-22,600536,中国软件,1355913604,63600083,43585600,1667900,163900,177320
2023-09-22,600537,亿晶光电,407277377,4647383,5262640,29600,11600,500
2023-09-22,600545,卓郎智能,162702788,1259445,1297616,11800,0,0
2023-09-22,600546,山煤国际,295320074,14230043,29946805,5118874,149900,630200
2023-09-22,600547,山东黄金,989470287,23040568,53129631,354173,16300,37300
2023-09-22,600548,深高速,33212021,482418,917020,385002,3200,107900
2023-09-22,600549,厦门钨业,1005986724,15570067,9482031,1963816,50100,176826
2023-09-22,600550,保变电气,140151396,1287370,1239388,522001,22600,10300
2023-09-22,600551,时代出版,236471472,4395090,8750399,68700,6300,2100
2023-09-22,600552,凯盛科技,602771554,12943750,5072657,258815,48300,53300
2023-09-22,600556,天下秀,231364808,6927836,9793195,732072,68800,247100
2023-09-22,600557,康缘药业,158359176,8925512,10385269,183499,14900,6100
2023-09-22,600559,老白干酒,960626275,21738334,22221522,2491091,149500,259820
2023-09-22,600562,国睿科技,360099526,3096921,8726423,405002,2900,40000
2023-09-22,600563,法拉电子,229435613,12972326,3974899,269520,5600,24700
2023-09-22,600565,迪马股份,130132935,1590003,1808307,98200,81100,22000
2023-09-22,600566,济川药业,535201430,14245976,5622694,2056527,2900,19100
2023-09-22,600567,山鹰国际,295413924,2905450,5146648,114900,23700,93600
2023-09-22,600569,安阳钢铁,100962596,629291,902003,3100897,302500,91274
2023-09-22,600570,恒生电子,1931130276,77078823,104878301,955289,92100,48600
2023-09-22,600571,信雅达,232268384,4081607,5732171,7036,100,900
2023-09-22,600572,康恩贝,511359732,14435504,12289878,487909,36500,14700
2023-09-22,600575,淮河能源,376971306,14341720,11822893,1212481,235300,92300
2023-09-22,600577,精达股份,491956201,4493027,8413440,1003252,28800,123260
2023-09-22,600578,京能电力,218116768,911167,5530464,1143757,41900,508900
2023-09-22,600580,卧龙电驱,808136487,14965630,12218238,520724,8700,200
2023-09-22,600581,八一钢铁,163810276,6022685,3440295,1127727,18300,124395
2023-09-22,600582,天地科技,245223593,5654259,6652544,1251100,16000,400
2023-09-22,600583,海油工程,414615006,8104597,4134368,1439081,31600,519400
2023-09-22,600584,长电科技,1731436992,87797109,56463614,781997,155819,360600
2023-09-22,600585,海螺水泥,1655706313,17476854,14463157,1978772,117200,57700
2023-09-22,600586,金晶科技,93781937,5400581,5753268,837064,24000,26000
2023-09-22,600587,新华医疗,248534881,14739415,11207103,162026,34500,51400
2023-09-22,600588,用友网络,1873288861,24938962,19555034,1386184,141800,81300
2023-09-22,600590,泰豪科技,239585738,9146541,9765391,25065,22000,0
2023-09-22,600592,龙溪股份,186564089,1914073,5516356,0,0,0
2023-09-22,600594,益佰制药,290701230,2679710,7951466,76500,28000,0
2023-09-22,600595,中孚实业,149126055,5957944,6046981,971500,244500,486400
2023-09-22,600596,新安股份,932578354,1897036,3733841,488687,500,32600
2023-09-22,600597,光明乳业,269278632,3124982,2535635,789419,34300,6100
2023-09-22,600598,北大荒,493815036,5420537,8219191,349449,3000,39500
2023-09-22,600600,青岛啤酒,424665764,10023723,16607288,295554,12400,41300
2023-09-22,600602,云赛智联,577576677,61916275,77326506,846682,123400,360460
2023-09-22,600604,市北高新,230291261,2548007,2058912,241803,18800,34200
2023-09-22,600606,绿地控股,1488498475,16027871,16277111,4645162,378500,374900
2023-09-22,600609,金杯汽车,439979346,3535533,4458885,11600,0,400
2023-09-22,600610,中毅达,127099135,5313057,23906164,374609,110100,49900
2023-09-22,600611,大众交通,192711273,1055505,825397,100,0,0
2023-09-22,600612,老凤祥,37585870,2781320,3611199,138028,13500,8000
2023-09-22,600616,金枫酒业,176242720,2424056,3349557,174052,5400,9100
2023-09-22,600617,国新能源,224566458,4753171,3032269,92500,0,0
2023-09-22,600618,氯碱化工,136730430,6574586,4730288,415330,20100,31500
2023-09-22,600619,海立股份,292870011,6185622,3317321,443300,800,7600
2023-09-22,600620,天宸股份,223325597,13534805,7092696,14400,0,0
2023-09-22,600621,华鑫股份,627014096,42084815,42153858,2864341,289200,524000
2023-09-22,600622,光大嘉宝,223586270,5099623,8210649,427000,6000,16400
2023-09-22,600623,华谊集团,286187722,4579126,4910008,354640,10800,39700
2023-09-22,600624,复旦复华,182810375,391140,741812,15400,0,400
2023-09-22,600626,申达股份,188944843,2741742,794253,906400,0,4200
2023-09-22,600630,龙头股份,86942212,52730543,56815744,78200,1500,11100
2023-09-22,600633,浙数文化,608018706,85244151,77777957,4530910,759700,1189778
2023-09-22,600635,大众公用,371430506,1196115,924482,445703,161170,69900
2023-09-22,600636,国新文化,181375104,6417892,5913023,2000,600,1500
2023-09-22,600637,东方明珠,774007379,5328098,11641524,2189095,333800,158800
2023-09-22,600639,浦东金桥,173605460,4983241,3145573,282475,14200,20300
2023-09-22,600640,国脉文化,238032446,4538808,2644196,12000,1700,0
2023-09-22,600641,万业企业,1029437774,18105619,15195682,532245,47700,85400
2023-09-22,600642,申能股份,255768430,5135778,3752313,1892159,24600,100100
2023-09-22,600643,爱建集团,280549868,5713631,5001087,142265,6400,38100
2023-09-22,600644,乐山电力,64090273,2388667,1764739,15300,0,0
2023-09-22,600645,中源协和,694491850,12703554,6432355,79996,8000,10000
2023-09-22,600648,外高桥,853467498,3480957,3753911,167009,33800,14500
2023-09-22,600649,城投控股,528393145,4896775,8903512,717209,13600,72300
2023-09-22,600653,申华控股,166660152,5024042,2777626,0,0,0
2023-09-22,600655,豫园股份,229767595,2059863,2042952,1773238,149381,42300
2023-09-22,600657,信达地产,278163581,3826513,4256953,461695,70300,92200
2023-09-22,600660,福耀玻璃,683541817,5920568,8239288,655905,32500,111800
2023-09-22,600661,昂立教育,161943675,955249,2748020,0,0,0
2023-09-22,600662,外服控股,257631911,847815,1195437,173344,8200,89000
2023-09-22,600663,陆家嘴,156539038,1072245,1449299,1272962,37000,2400
2023-09-22,600664,哈药股份,365267394,6669696,4603297,19000,7100,5500
2023-09-22,600667,太极实业,553233245,19231340,11016115,2273588,139300,71500
2023-09-22,600668,尖峰集团,362632694,1706780,3264812,8500,0,200
2023-09-22,600673,东阳光,1088009695,2254021,3156540,2526449,13600,8200
2023-09-22,600674,川投能源,511683825,14226387,9894633,2597499,35000,108800
2023-09-22,600675,中华企业,305427350,1268034,1398463,4235898,409100,505311
2023-09-22,600676,交运股份,154639982,2271972,2747564,25600,0,0
2023-09-22,600681,百川能源,35493332,1361926,1941338,13850000,0,0
2023-09-22,600682,南京新百,150023122,4064467,2604881,235203,3700,1400
2023-09-22,600684,珠江股份,211070055,6389721,9394570,67600,0,41600
2023-09-22,600685,中船防务,396608149,11911044,18147106,738917,54700,107697
2023-09-22,600686,金龙汽车,198897758,3042237,3261358,0,0,0
2023-09-22,600688,上海石化,528015982,2682345,1662169,787938,245200,207900
2023-09-22,600690,海尔智家,667279773,7941728,11226769,526338,89300,49700
2023-09-22,600691,阳煤化工,352146862,3254635,2562718,567300,23900,71300
2023-09-22,600692,亚通股份,139878699,3115592,446332,53800,0,1000
2023-09-22,600694,大商股份,316031785,5958446,3917949,35900,0,0
2023-09-22,600696,岩石股份,77385490,352432,499058,42982,24400,1100
2023-09-22,600699,均胜电子,1110168257,73505027,34859408,2110314,533500,332700
2023-09-22,600702,舍得酒业,1997377783,80912868,68192628,877789,120400,100686
2023-09-22,600703,三安光电,5385848938,39847456,33892691,3737419,417600,199800
2023-09-22,600704,物产中大,888125811,12988542,21459703,1478127,63000,210100
2023-09-22,600705,中航产融,1345504206,23409589,24478243,6634585,109000,907115
2023-09-22,600707,彩虹股份,304859560,6857995,4458437,567000,15500,6300
2023-09-22,600708,光明地产,90166195,2891926,3609377,849700,120400,257200
2023-09-22,600710,苏美达,134903026,3470253,5147646,626227,43900,25200
2023-09-22,600711,盛屯矿业,1250334723,12285272,7972484,3567282,137100,46012
2023-09-22,600716,凤凰股份,205318925,1814845,5713952,6100,0,0
2023-09-22,600717,天津港,279955467,7735799,2641724,327286,25200,26000
2023-09-22,600718,东软集团,975683558,10604886,25145942,1700224,55300,262600
2023-09-22,600720,祁连山,728997690,14676804,10737251,514391,28420,1400
2023-09-22,600722,金牛化工,109042512,1904914,821376,0,0,0
2023-09-22,600728,佳都科技,1031671934,18369089,13555192,267000,11200,1100
2023-09-22,600729,重庆百货,106069990,6866384,1917475,105323,7300,14100
2023-09-22,600730,中国高科,234003008,1550915,1556214,0,0,0
2023-09-22,600732,爱旭股份,1468466428,64306235,53986094,8074222,413000,233217
2023-09-22,600733,北汽蓝谷,1399326795,18332114,20717383,5489602,35500,5400
2023-09-22,600736,苏州高新,212635045,13642304,15739435,176500,13900,45800
2023-09-22,600737,中粮糖业,645237867,8145832,11422834,484182,10000,18000
2023-09-22,600739,辽宁成大,1368970058,12401287,10305636,721129,16000,3400
2023-09-22,600740,山西焦化,369127314,12019256,3664258,749105,76300,88200
2023-09-22,600741,华域汽车,345890836,3320641,9634136,591661,35100,38000
2023-09-22,600742,一汽富维,326457315,2834232,2749730,151135,400,0
2023-09-22,600743,华远地产,171698746,1607297,7721697,100,0,0
2023-09-22,600744,华银电力,158769040,2133608,1976798,326700,0,0
2023-09-22,600745,闻泰科技,2707192515,35817861,50380566,17259229,9500,49305
2023-09-22,600748,上实发展,229328279,3171166,3991052,386299,44300,145100
2023-09-22,600750,江中药业,312721344,7383997,8164923,211293,18800,34000
2023-09-22,600751,海航科技,192602213,23049785,14488742,1474171,495885,382800
2023-09-22,600754,锦江酒店,282338845,19367220,17620462,91560,11400,101100
2023-09-22,600755,厦门国贸,740409907,14681004,38476503,1952098,10800,9300
2023-09-22,600756,浪潮软件,421466676,5795737,10971909,606100,9900,0
2023-09-22,600757,长江传媒,246394641,4230805,8766438,391700,43400,190022
2023-09-22,600758,辽宁能源,126259126,5846020,2641765,111100,22300,500
2023-09-22,600760,中航沈飞,869251518,23810833,32949871,417918,56900,242600
2023-09-22,600761,安徽合力,207764336,5777567,1989250,600835,33000,28500
2023-09-22,600763,通策医疗,1229701857,33187150,23319522,383518,24700,28087
2023-09-22,600764,中国海防,209118812,1395582,1970640,188756,15100,55400
2023-09-22,600765,中航重机,373541823,29981570,10584405,720480,14700,34900
2023-09-22,600770,综艺股份,443842194,5752702,2963208,276599,16000,103700
2023-09-22,600771,广誉远,857220176,12312823,6804101,205327,48400,23900
2023-09-22,600773,西藏城投,545287616,4339384,5292767,916323,35400,193771
2023-09-22,600775,南京熊猫,427507123,2528336,2498488,128350,40000,29933
2023-09-22,600776,东方通信,447703899,39713992,53540272,1417636,175600,137000
2023-09-22,600777,新潮能源,1044641171,25081109,21902859,4708770,732300,334300
2023-09-22,600779,水井坊,535013149,27570496,5927141,1189150,455700,42380
2023-09-22,600780,通宝能源,530151392,13612588,12033243,384200,11400,4300
2023-09-22,600782,新钢股份,375252543,21918022,17227495,2030860,22000,26600
2023-09-22,600783,鲁信创投,424201606,2581424,4538219,110945,38600,9800
2023-09-22,600787,中储股份,434466837,3706508,7078317,322306,96800,1400
2023-09-22,600789,鲁抗医药,235212610,4754942,3829464,148085,4900,15968
2023-09-22,600790,轻纺城,385295795,2094793,3241706,2600,700,12600
2023-09-22,600795,国电电力,945979880,50012011,50945626,3138305,114000,395800
2023-09-22,600797,浙大网新,576822798,7041142,7955270,839366,194400,39400
2023-09-22,600798,宁波海运,91518250,1448158,3134342,1066700,4100,41900
2023-09-22,600800,渤海化学,180583770,474348,3671948,0,0,0
2023-09-22,600801,华新水泥,470917034,2214236,5028758,1874514,208400,106900
2023-09-22,600802,福建水泥,119468251,3773483,3142396,250640,800,4900
2023-09-22,600803,新奥股份,197351069,12372937,3803387,688742,49900,122700
2023-09-22,600805,悦达投资,158440737,1407637,930503,0,0,0
2023-09-22,600808,马钢股份,219522659,3917508,3211802,2480483,83700,78800
2023-09-22,600809,山西汾酒,1379486341,57798441,33552793,374298,80700,40400
2023-09-22,600810,神马股份,215293948,1485669,280349,995580,3300,121500
2023-09-22,600811,东方集团,497640816,2348444,6862114,2686350,519100,21266
2023-09-22,600812,华北制药,215026137,998088,2074957,179596,5000,5500
2023-09-22,600818,中路股份,275803891,1709180,7651694,0,0,0
2023-09-22,600820,隧道股份,555947958,12915043,7351348,1394195,263500,6900
2023-09-22,600821,金开新能,876107017,14728566,5438041,1254103,91600,16400
2023-09-22,600822,上海物贸,94412188,2414953,5824464,117800,15000,12100
2023-09-22,600825,新华传媒,215200612,2216234,2478191,50700,13500,29400
2023-09-22,600826,兰生股份,145610576,3077829,1440183,16100,5600,3000
2023-09-22,600827,百联股份,644180899,2453438,6946565,515629,9300,125999
2023-09-22,600830,香溢融通,213513291,5328790,5083247,0,0,0
2023-09-22,600831,广电网络,292906704,4289518,5917344,276000,5600,23700
2023-09-22,600835,上海机电,266700381,2798481,6544015,89077,9100,24300
2023-09-22,600837,海通证券,4605410429,52706656,90890304,4493399,678900,334700
2023-09-22,600838,上海九百,161049894,21443653,15424567,70000,3400,40500
2023-09-22,600839,四川长虹,1479524214,348804829,314582357,21118394,1645500,1791500
2023-09-22,600845,宝信软件,143280260,3173946,7034946,183253,16700,4600
2023-09-22,600846,同济科技,355122985,4407196,8800909,22600,0,4300
2023-09-22,600848,上海临港,240184715,12040321,1423010,1156344,77185,253600
2023-09-22,600850,电科数字,686798070,27682620,37006638,1015768,74800,39088
2023-09-22,600851,海欣股份,150612758,1345425,3564225,0,0,0
2023-09-22,600855,航天长峰,239531115,2763042,2408820,28600,0,1300
2023-09-22,600859,王府井,694214878,28788749,9204909,774829,40500,52200
2023-09-22,600860,京城股份,93506765,4061695,5879557,3900,0,0
2023-09-22,600862,中航高科,523868909,8357282,12138043,1716515,86400,136100
2023-09-22,600863,内蒙华电,338309914,29531090,19522700,4218139,349600,94200
2023-09-22,600864,哈投股份,485703168,84510303,81634701,6621519,2665200,1154734
2023-09-22,600866,星湖科技,116536002,5275361,4093450,1055500,440000,0
2023-09-22,600867,通化东宝,730230906,16846082,11184061,871454,106500,325600
2023-09-22,600868,梅雁吉祥,264768400,1443537,3164203,613000,48700,12800
2023-09-22,600869,远东股份,343783623,1385190,3701188,880500,0,80200
2023-09-22,600871,石化油服,203449399,18975096,16380156,5861200,1951200,1026200
2023-09-22,600872,中炬高新,574201576,5261507,8232818,592208,34600,43100
2023-09-22,600873,梅花生物,960264501,17655296,12243149,3313454,44700,30400
2023-09-22,600874,创业环保,195380289,5630545,3891449,494889,12000,25100
2023-09-22,600875,东方电气,954469738,22899824,14916142,120582,900,67600
2023-09-22,600876,凯盛新能,93705318,1077722,663027,179100,11800,500
2023-09-22,600877,电科芯片,406466569,52569997,46328491,1542115,103800,166611
2023-09-22,600879,航天电子,1255230409,17734882,18229447,34839058,182700,17200
2023-09-22,600880,博瑞传播,437263699,11575766,11331759,2482909,163900,376400
2023-09-22,600881,亚泰集团,448204980,3510899,3973519,235700,18300,19100
2023-09-22,600882,妙可蓝多,152828400,4009491,4568810,189261,19800,11700
2023-09-22,600884,杉杉股份,1132042600,13712308,16557806,3855102,242600,330500
2023-09-22,600885,宏发股份,137646157,1451820,2679935,629425,17200,6000
2023-09-22,600886,国投电力,669131920,38926241,23866711,748460,86300,65800
2023-09-22,600887,伊利股份,3699708174,63671872,130975970,904900,231000,282100
2023-09-22,600888,新疆众和,466264387,6845997,9478646,467282,22600,4900
2023-09-22,600893,航发动力,1940377094,20659609,25862339,304132,17100,78600
2023-09-22,600894,广日股份,183474808,1658823,1532155,4200,0,1800
2023-09-22,600895,张江高科,1731228706,596001564,552448814,5013195,203700,245850
2023-09-22,600897,厦门空港,113871564,6094903,7245863,1500,0,0
2023-09-22,600900,长江电力,6449552419,52504491,93487941,18532648,149600,321900
2023-09-22,600901,江苏金租,267812485,6915836,9462568,3270264,27700,607600
2023-09-22,600903,贵州燃气,106719551,1488601,4213823,387131,11000,19900
2023-09-22,600905,三峡能源,1774380742,25717958,35451843,40599801,566600,440600
2023-09-22,600906,财达证券,609742110,59840267,49809300,26775273,299000,476100
2023-09-22,600908,无锡银行,301334466,17415095,7216807,840651,47700,50900
2023-09-22,600909,华安证券,881475447,21928652,41953570,2128650,119600,136664
2023-09-22,600916,中国黄金,433260693,8510835,8474467,790217,87600,7100
2023-09-22,600917,重庆燃气,64530445,6176702,2958338,32800,100,0
2023-09-22,600918,中泰证券,997409703,8492851,28240773,617199,39000,24100
2023-09-22,600919,江苏银行,4022703472,194078883,217069726,31821174,1631733,12148764
2023-09-22,600926,杭州银行,763858804,57293120,22292540,227600,65700,17400
2023-09-22,600928,西安银行,195090491,14937558,10778736,1168507,42800,23800
2023-09-22,600929,雪天盐业,289032612,2641364,4117314,15314877,676000,29800
2023-09-22,600933,爱柯迪,34463532,4014253,2219180,253127,29700,8800
2023-09-22,600936,广西广电,127142064,1916068,4782199,0,0,0
2023-09-22,600938,中国海油,704579224,55126575,60984966,285400,78000,137300
2023-09-22,600941,中国移动,783778948,57562337,50793219,253090,28000,131500
2023-09-22,600956,新天绿能,38639043,2072535,806312,926879,27400,0
2023-09-22,600958,东方证券,2342768967,57735221,68114333,3602845,33800,268300
2023-09-22,600959,江苏有线,418976298,5036355,15126726,4378990,634500,7600
2023-09-22,600963,岳阳林纸,710468464,35655587,13272455,584875,194500,596950
2023-09-22,600965,福成股份,121273644,1717433,1249607,0,0,0
2023-09-22,600966,博汇纸业,231604476,6244006,6416448,114361,1600,28700
2023-09-22,600967,内蒙一机,481024346,8901664,4531408,886800,30200,600
2023-09-22,600968,海油发展,233479938,7170539,4606965,1044700,24100,423800
2023-09-22,600970,中材国际,507633257,11073966,8767286,1123382,37600,44718
2023-09-22,600971,恒源煤电,282030647,11143699,14293007,926304,116600,491653
2023-09-22,600973,宝胜股份,256123618,24955479,20467878,193600,0,0
2023-09-22,600975,新五丰,207746087,5882462,5784621,23885792,170900,79200
2023-09-22,600976,健民集团,108353746,3854816,5221039,49598,35800,11800
2023-09-22,600977,中国电影,565607080,23639986,30615912,603218,92600,111000
2023-09-22,600979,广安爱众,181999521,3626919,1853114,300,100,618000
2023-09-22,600985,淮北矿业,385040265,20492719,22150679,14673962,570500,293700
2023-09-22,600986,浙文互联,755677510,17776703,9397640,1191304,150800,107300
2023-09-22,600987,航民股份,394093470,2764725,6718387,118600,0,0
2023-09-22,600988,赤峰黄金,919915259,43794137,25708049,1849859,226300,323400
2023-09-22,600989,宝丰能源,702737161,8796074,7978345,1028867,8200,234500
2023-09-22,600990,四创电子,275038405,1306067,3870521,141841,600,45800
2023-09-22,600993,马应龙,453852009,9619502,5627457,282439,28600,14000
2023-09-22,600995,南网储能,188312376,3188228,5109062,388225,1500,138813
2023-09-22,600996,贵广网络,445542634,26140781,30952924,1024310,73600,68200
2023-09-22,600997,开滦股份,229684166,5256172,3942936,1197509,102200,110300
2023-09-22,600998,九州通,713582426,1798414,3568487,2451397,182500,59141
2023-09-22,600999,招商证券,1270059256,14859262,21830067,832738,41100,94000
2023-09-22,601000,唐山港,126225131,8308282,4702170,2279583,189170,90000
2023-09-22,601001,晋控煤业,264347282,13757949,15307989,1782966,201111,262833
2023-09-22,601002,晋亿实业,237109706,3753647,6898011,77100,77100,0
2023-09-22,601003,柳钢股份,83346283,4372676,1795606,87200,6700,31800
2023-09-22,601005,重庆钢铁,228362588,12408077,12969600,21433349,2463600,3479314
2023-09-22,601006,大秦铁路,968933475,12056680,15276232,64558563,83600,10213183
2023-09-22,601008,连云港,142558364,3751542,2713769,100,0,0
2023-09-22,601009,南京银行,1093125133,12803404,13245468,623123,5800,8400
2023-09-22,601010,文峰股份,121506195,1367506,980256,0,0,0
2023-09-22,601011,宝泰隆,363356638,11787182,4650751,629386,98100,15700
2023-09-22,601012,隆基绿能,8196452942,228925741,218427207,4947268,494900,1919660
2023-09-22,601015,陕西黑猫,219414963,15626679,17417586,3201840,38900,828900
2023-09-22,601016,节能风电,608316364,17074110,16772542,14014439,1373490,23600
2023-09-22,601018,宁波港,330228709,3958077,2799966,159500,21100,53000
2023-09-22,601019,山东出版,75973514,1493441,2123251,164696,26800,113500
2023-09-22,601020,华钰矿业,353206406,34168827,20443181,0,0,0
2023-09-22,601021,春秋航空,408573616,9857328,6379349,208859,51800,19900
2023-09-22,601028,玉龙股份,265372907,1488092,6064525,429873,100,61204
2023-09-22,601038,一拖股份,107904608,1307098,4709295,25600,500,10500
2023-09-22,601058,赛轮轮胎,559439946,5152436,2602671,12635057,1159600,1140698
2023-09-22,601059,信达证券,690711751,179313245,117940641,14800,1400,0
2023-09-22,601061,中信金属,336304698,8764360,8002305,0,0,0
2023-09-22,601065,江盐集团,140437381,6878905,12447074,23500,0,0
2023-09-22,601066,中信建投,1891281977,33428931,48999464,798514,105600,93200
2023-09-22,601068,中铝国际,89620202,1189835,1812529,311470,33200,68600
2023-09-22,601069,西部黄金,128443925,4623598,3368306,1062636,51200,45800
2023-09-22,601077,渝农商行,435975207,29608646,28856308,11619904,143700,247600
2023-09-22,601088,中国神华,769202939,22980561,31595440,1710025,207100,98800
2023-09-22,601098,中南传媒,97952523,5889596,6267397,1029609,138508,210500
2023-09-22,601099,太平洋,2082172749,473065514,320601576,52219626,13682397,6519967
2023-09-22,601100,恒立液压,195559449,5229073,3190574,247707,78700,41800
2023-09-22,601101,昊华能源,207865910,4759514,3279818,1009624,17500,105600
2023-09-22,601106,中国一重,492753423,3878900,7485712,2700315,255600,47300
2023-09-22,601107,四川成渝,67576835,1777088,799949,0,0,0
2023-09-22,601108,财通证券,1914184886,31689356,61652465,4505402,197500,159400
2023-09-22,601111,中国国航,767704732,36101019,21712064,3300800,140500,615100
2023-09-22,601116,三江购物,184440714,12956740,13346793,40000,0,0
2023-09-22,601117,中国化学,2512221219,16242735,23921501,358597,65800,70200
2023-09-22,601118,海南橡胶,696116932,9358025,7340511,2083949,77100,161300
2023-09-22,601126,四方股份,208739304,2696748,3822254,666095,21000,20200
2023-09-22,601127,赛力斯,2487919809,378727950,354365504,1651260,410000,114477
2023-09-22,601128,常熟银行,112213161,7248884,4456658,4398319,374700,230200
2023-09-22,601133,柏诚股份,126802151,4863129,6054849,0,0,0
2023-09-22,601136,首创证券,623043044,228354970,172891318,3127108,185600,368950
2023-09-22,601137,博威合金,221555230,8081714,10754468,62047,2500,5800
2023-09-22,601138,工业富联,1126904847,317064604,332974141,21420517,1893300,2622001
2023-09-22,601139,深圳燃气,140742064,1015227,4113239,404577,35277,48200
2023-09-22,601155,新城控股,836613690,26216728,21151558,865519,121200,125822
2023-09-22,601156,东航物流,258492634,4009948,5143901,479502,16200,1300
2023-09-22,601158,重庆水务,71038220,1822913,1062802,662900,19100,199800
2023-09-22,601162,天风证券,1982653070,91263041,102291805,14918876,1917400,3090400
2023-09-22,601163,三角轮胎,175211758,4434807,7999834,196300,12000,0
2023-09-22,601166,兴业银行,9034908278,72824820,116994547,1616200,231800,121100
2023-09-22,601168,西部矿业,1126670556,56421218,42351015,2431830,108000,99400
2023-09-22,601169,北京银行,1101073795,28182200,29064418,744033,78400,133000
2023-09-22,601179,中国西电,587171720,4299518,10133595,1950826,125399,3900
2023-09-22,601186,中国铁建,2247294071,42283184,99998281,631685,108000,127800
2023-09-22,601198,东兴证券,985780066,30036460,31888246,2103400,272900,81800
2023-09-22,601199,江南水务,399998408,4494100,4933108,74200,11100,0
2023-09-22,601200,上海环境,97658570,773108,1415257,724668,7800,107032
2023-09-22,601208,东材科技,226827927,4626533,4142992,744445,58700,56400
2023-09-22,601211,国泰君安,3172179833,59462694,63109058,2568737,156500,87700
2023-09-22,601212,白银有色,327831205,10410418,5550092,764835,10000,127400
2023-09-22,601216,君正集团,653193073,5762507,4369376,1093600,86100,19900
2023-09-22,601218,吉鑫科技,173308149,1717775,1860890,9000,9000,0
2023-09-22,601222,林洋能源,670859254,11088708,6472099,1950428,150000,80182
2023-09-22,601225,陕西煤业,1835748412,24997428,34385306,2288271,225400,387700
2023-09-22,601226,华电重工,99160670,1007897,1272502,896250,1700,16300
2023-09-22,601228,广州港,228318773,6209602,3490345,630000,19100,177300
2023-09-22,601229,上海银行,518155980,8138708,5998622,952620,361200,141600
2023-09-22,601231,环旭电子,237467548,2202598,8032750,586574,44100,71500
2023-09-22,601233,桐昆股份,2478478926,13923356,3980258,1490764,39400,152734
2023-09-22,601236,红塔证券,542118255,26899802,20964149,11124151,90870,87700
2023-09-22,601238,广汽集团,917199314,12726539,13871082,575245,51300,76400
2023-09-22,601288,农业银行,2016612048,193675932,206766972,15064217,716600,1439500
2023-09-22,601298,青岛港,103977096,4302983,2366327,348300,26300,15400
2023-09-22,601311,骆驼股份,677363348,2705550,5549522,631181,22300,47200
2023-09-22,601318,中国平安,19386010385,497422453,391413033,1006340,375600,249100
2023-09-22,601319,中国人保,1031794102,18411919,35422528,192900,12400,51300
2023-09-22,601326,秦港股份,132065216,2703826,4700926,100,0,0
2023-09-22,601328,交通银行,1486671487,24602911,21698547,4037500,180900,747105
2023-09-22,601333,广深铁路,260885690,9261617,8591734,492800,17700,39600
2023-09-22,601336,新华保险,1244216390,64650313,22714795,339467,45200,55700
2023-09-22,601339,百隆东方,50215759,1722695,1380479,69400,0,0
2023-09-22,601360,三六零,1836447576,117714061,61742585,11117098,801000,458000
2023-09-22,601369,陕鼓动力,390777232,6860271,10521333,552450,8100,0
2023-09-22,601375,中原证券,1099665933,31109894,29966073,3294638,525200,632100
2023-09-22,601377,兴业证券,2189508157,34867440,56095956,1642207,41900,61400
2023-09-22,601388,怡球资源,199883406,2481587,4146258,1091810,0,116500
2023-09-22,601390,中国中铁,1599128258,69830434,107441810,1206132,453900,325200
2023-09-22,601398,工商银行,3392316663,123211830,119037545,6887700,2956300,6439800
2023-09-22,601399,国机重装,135340418,7546156,4107660,1418741,260700,2148
2023-09-22,601456,国联证券,691216227,76141397,84940486,1778850,835300,271500
2023-09-22,601515,东风股份,278427360,3869679,2849874,780629,12200,124900
2023-09-22,601519,大智慧,714221830,38876051,34300606,950493,163100,88500
2023-09-22,601555,东吴证券,1772916986,59149483,92506459,6330406,723200,1423256
2023-09-22,601566,九牧王,109984074,171268,236288,18800,0,0
2023-09-22,601567,三星医疗,104786018,5811750,5585399,307793,86500,98200
2023-09-22,601568,北元集团,118825477,627827,1018345,2942788,42670,120300
2023-09-22,601577,长沙银行,320110506,8525913,3834818,1551375,46000,91000
2023-09-22,601579,会稽山,132384235,4847062,7346526,57300,1100,7000
2023-09-22,601588,北辰实业,237586093,2890860,1259621,33,0,0
2023-09-22,601598,中国外运,148947667,6599709,11845017,2198923,197200,53848
2023-09-22,601600,中国铝业,1497531607,53902057,49541784,6826095,290900,1570300
2023-09-22,601601,中国太保,1027190717,63707575,35891154,972105,138100,123500
2023-09-22,601606,长城军工,307915759,18929697,7938884,632100,64900,34000
2023-09-22,601607,上海医药,731922659,12825283,18425378,268800,42700,38300
2023-09-22,601608,中信重工,371667168,3425102,7736458,2236400,1512500,328100
2023-09-22,601611,中国核建,530457012,7112232,7686572,1182500,200000,20400
2023-09-22,601615,明阳智能,1526922944,17753061,23766315,626800,10400,18700
2023-09-22,601618,中国中冶,933097262,17520172,23141541,834400,85400,65500
2023-09-22,601619,嘉泽新能,99747418,3505235,3951798,1780299,57500,24800
2023-09-22,601628,中国人寿,658720532,35814214,23259673,1003631,153200,82000
2023-09-22,601633,长城汽车,441802593,8363496,12185269,2666700,92300,59600
2023-09-22,601636,旗滨集团,505770242,13572105,15631201,961014,75100,401300
2023-09-22,601658,邮储银行,896089276,22738787,19008686,3122472,82200,240200
2023-09-22,601665,齐鲁银行,569752418,5220566,2693977,2400906,27400,1200
2023-09-22,601666,平煤股份,812869312,31130239,48471335,4498895,498500,762834
2023-09-22,601668,中国建筑,4211344363,56058086,148983717,2600119,1089800,409500
2023-09-22,601669,中国电建,1979405275,41447247,56641439,2355900,218500,265200
2023-09-22,601677,明泰铝业,374778791,21727983,23167015,2040940,143700,110115
2023-09-22,601678,滨化股份,641005299,9013061,7805496,927115,26900,514500
2023-09-22,601688,华泰证券,3660278163,99982940,121999729,1571493,203200,2567900
2023-09-22,601689,拓普集团,786233696,19763247,28034617,681744,54900,94900
2023-09-22,601696,中银证券,1471827508,64406059,83003768,3703103,710600,930895
2023-09-22,601698,中国卫通,931321693,64003820,87064484,2070980,182600,296300
2023-09-22,601699,潞安环能,1173106697,30063176,31218586,5134700,60000,502800
2023-09-22,601700,风范股份,156365372,750845,2258131,228855,40800,19900
2023-09-22,601702,华峰铝业,48613773,2075254,902460,531226,53200,140500
2023-09-22,601717,郑煤机,226906592,4023773,4986069,662013,5800,12800
2023-09-22,601718,际华集团,478183420,8010200,9348062,1727518,177200,40300
2023-09-22,601727,上海电气,993032052,32656953,44661731,9839914,362100,8188500
2023-09-22,601728,中国电信,853732614,81310631,46944071,5205521,316700,640200
2023-09-22,601766,中国中车,2014259625,19353577,40481621,1410542,220100,94400
2023-09-22,601777,力帆科技,205012241,1174037,1752525,1292651,84700,137000
2023-09-22,601778,晶科科技,568111247,14826909,15854485,3021133,308200,298800
2023-09-22,601788,光大证券,2819432402,95593766,101921949,8672391,245452,369500
2023-09-22,601789,宁波建工,237634241,4648490,3758192,61900,0,0
2023-09-22,601799,星宇股份,54431798,2681313,1056909,491600,46600,35500
2023-09-22,601800,中国交建,850122423,33487639,34480096,832463,208500,424553
2023-09-22,601801,皖新传媒,203949737,2723143,4734344,183900,64500,114800
2023-09-22,601808,中海油服,125257451,1942479,1434250,812893,4300,73745
2023-09-22,601816,京沪高铁,2012117877,24074945,18541972,574426,109200,139300
2023-09-22,601818,光大银行,1465394832,90990702,92006114,1513600,40200,86700
2023-09-22,601825,沪农商行,91873898,2262824,5970951,79800,200,0
2023-09-22,601828,美凯龙,313093350,5106095,7488036,932300,19600,58000
2023-09-22,601838,成都银行,508608190,11358950,7667038,3116300,14600,39600
2023-09-22,601857,中国石油,2071969753,59213885,80013338,4498900,554500,256700
2023-09-22,601858,中国科传,302165707,99437007,95799899,3274241,328048,212559
2023-09-22,601860,紫金银行,339247909,27530851,21729524,4312837,381200,393200
2023-09-22,601865,福莱特,503883770,6248806,2886485,8299926,115900,128600
2023-09-22,601866,中远海发,599569782,11358237,10855155,14641429,721800,179000
2023-09-22,601868,中国能建,782150669,36694266,34127083,31605993,3251452,4664000
2023-09-22,601869,长飞光纤,155561961,2033815,6633131,348331,3100,5000
2023-09-22,601872,招商轮船,475519454,18421661,22237398,1702616,612200,211500
2023-09-22,601877,正泰电器,1314318705,22274374,15763230,2239600,64200,45600
2023-09-22,601878,浙商证券,1512269834,28468425,34847840,711713,148700,319700
2023-09-22,601880,辽港股份,289406011,8706942,21199053,13907789,72800,520100
2023-09-22,601881,中国银河,2062599779,91850843,109228505,1145884,296800,457678
2023-09-22,601882,海天精工,32325042,2700375,3472764,70577,19700,25293
2023-09-22,601886,江河集团,150098100,5135622,1160894,91667,21900,8400
2023-09-22,601888,中国中免,4564969576,198405860,187743027,302108,65452,91300
2023-09-22,601890,亚星锚链,263831600,7052830,8706818,115092,42000,139500
2023-09-22,601898,中煤能源,501114210,36042592,16407415,2990437,127500,525000
2023-09-22,601899,紫金矿业,2010564493,140797000,79218427,3468683,520000,652200
2023-09-22,601900,南方传媒,177091121,17670531,14456036,4700,1900,4000
2023-09-22,601901,方正证券,1155871496,30501647,48787027,8111800,319800,187700
2023-09-22,601908,京运通,591510682,3938800,7828985,6183405,554000,462098
2023-09-22,601916,浙商银行,889388699,39984860,31665417,7437400,2040100,1308000
2023-09-22,601918,新集能源,445086733,16466517,15564640,1076078,53100,68600
2023-09-22,601919,中远海控,4049176081,55920830,76647515,644130,64500,144600
2023-09-22,601928,凤凰传媒,161511946,2267676,8874786,899124,94300,106600
2023-09-22,601929,吉视传媒,329189478,11904272,6342479,3035165,81700,455100
2023-09-22,601933,永辉超市,1602613289,5037273,8018425,599300,35400,26000
2023-09-22,601939,建设银行,1231667253,16714618,29176221,27536776,105600,691200
2023-09-22,601949,中国出版,236099760,21585084,15176285,925550,97000,31100
2023-09-22,601952,苏垦农发,290419848,6732633,3412498,289667,6300,4500
2023-09-22,601958,金钼股份,654748974,13463123,10591109,2119284,167100,72400
2023-09-22,601965,中国汽研,152575433,2299003,2664130,178041,30400,16900
2023-09-22,601966,玲珑轮胎,286387751,47567801,16014749,1214905,254600,215829
2023-09-22,601969,海南矿业,240729104,5342997,3329308,394162,16400,8300
2023-09-22,601975,招商南油,480120805,71055607,90543419,10587979,2304790,1897052
2023-09-22,601985,中国核电,1016131798,46019437,18699844,1826190,37400,638400
2023-09-22,601988,中国银行,2347757184,103093870,104428787,8161971,4423437,8720800
2023-09-22,601989,中国重工,2323548350,25870894,19577749,1231973,162100,412100
2023-09-22,601990,南京证券,980217511,16457552,21871433,5998905,590300,208980
2023-09-22,601991,大唐发电,425848632,8812953,12951027,5416418,320100,152947
2023-09-22,601992,金隅集团,550807634,6537630,10984563,8508383,183400,1330200
2023-09-22,601995,中金公司,1480432515,52946466,64422841,17361746,147500,229500
2023-09-22,601996,丰林集团,188393518,3624081,2066270,0,0,0
2023-09-22,601997,贵阳银行,1032642791,13703765,12639615,33598273,199200,1300
2023-09-22,601998,中信银行,445952340,17721189,10479409,1297800,30500,186000
2023-09-22,601999,出版传媒,119339623,2820589,4818987,0,0,0
2023-09-22,603000,人民网,992011429,266699872,218801266,2922624,196100,210000
2023-09-22,603005,晶方科技,940416622,146120951,112650216,4171024,286200,231700
2023-09-22,603008,喜临门,230946831,3437879,2809951,209994,34300,32800
2023-09-22,603010,万盛股份,66920765,94399,803683,213116,100,6800
2023-09-22,603011,合锻智能,102647850,2199348,2086993,46900,10100,8500
2023-09-22,603012,创力集团,195936660,1681057,6897839,481600,300,0
2023-09-22,603015,弘讯科技,86045131,3583690,4180404,36000,0,0
2023-09-22,603018,华设集团,147814331,2344023,4082287,137562,14900,97220
2023-09-22,603019,中科曙光,3926363964,391574703,290920878,1631409,869574,824873
2023-09-22,603025,大豪科技,212699712,8139016,9640821,312119,36000,22140
2023-09-22,603026,胜华新材,649371480,10909832,4700516,347459,59300,17600
2023-09-22,603027,千禾味业,472379467,7754315,7936660,229373,26776,54400
2023-09-22,603032,德新科技,80572693,4401034,5505346,307162,34800,18700
2023-09-22,603033,三维股份,143275858,1647851,1479711,227121,4200,3580
2023-09-22,603035,常熟汽饰,90724286,2436547,3915588,156251,52800,39800
2023-09-22,603039,泛微网络,125919542,3932551,1102162,0,0,0
2023-09-22,603042,华脉科技,137566420,61728899,36708484,0,0,0
2023-09-22,603043,广州酒家,199000931,6041463,3512657,92818,3922,22500
2023-09-22,603045,福达合金,104654173,2826776,4331323,0,0,0
2023-09-22,603050,科林电气,217317447,3726461,2138572,0,0,0
2023-09-22,603051,鹿山新材,106495044,1646641,3803273,279628,8200,17300
2023-09-22,603055,台华新材,120887978,1641601,459665,59838,2500,4200
2023-09-22,603056,德邦股份,51253961,293262,393951,319165,32400,43300
2023-09-22,603063,禾望电气,125108074,5770058,5553814,275388,20500,44900
2023-09-22,603067,振华股份,117387776,2677105,2306559,267924,0,40100
2023-09-22,603069,海汽集团,167158980,6584902,6363576,0,0,0
2023-09-22,603070,万控智造,49174103,1949975,3170224,0,0,0
2023-09-22,603075,热威股份,49703124,14913863,15467474,1600,0,0
2023-09-22,603076,乐惠国际,101752479,2435303,1377910,5600,5600,5600
2023-09-22,603077,和邦生物,848638692,9880906,14668644,15435393,294800,62200
2023-09-22,603078,江化微,182581594,10314408,9627279,626138,85200,62140
2023-09-22,603083,剑桥科技,903603551,132256057,151191252,23000,1400,1000
2023-09-22,603085,天成自控,93190838,748820,643651,3000,2000,0
2023-09-22,603087,甘李药业,384476372,26393160,16647262,2306910,36700,60700
2023-09-22,603088,宁波精达,112631059,2327412,5369793,46400,1800,4500
2023-09-22,603098,森特股份,44506063,1153544,486430,104954,11600,400
2023-09-22,603100,川仪股份,39884753,1051422,1098342,69016,9700,6000
2023-09-22,603103,横店影视,69216810,2497928,3588928,53600,14600,19500
2023-09-22,603105,芯能科技,167756089,2314984,3588368,379588,28000,13500
2023-09-22,603108,润达医疗,450527845,60713358,58306338,416162,100400,149448
2023-09-22,603113,金能科技,329420815,3886071,1342747,772407,15400,3800
2023-09-22,603118,共进股份,410131275,69714943,86856551,634359,307900,291990
2023-09-22,603119,浙江荣泰,63948436,3876015,7409572,1000,0,0
2023-09-22,603123,翠微股份,197844966,79024884,41490237,615402,229100,3600
2023-09-22,603125,常青科技,139647941,17211489,19802768,0,0,0
2023-09-22,603126,中材节能,137673536,2235659,681878,0,0,0
2023-09-22,603127,昭衍新药,382164777,4775226,12695734,2324181,17800,26140
2023-09-22,603128,华贸物流,156399216,3603901,3140347,233027,13300,15850
2023-09-22,603129,春风动力,93538737,867903,1372530,38452,3300,6700
2023-09-22,603135,中重科技,90921487,1928851,1931287,0,0,0
2023-09-22,603137,恒尚节能,40108713,605298,2420628,0,0,0
2023-09-22,603138,海量数据,156325827,14681422,9270143,0,0,0
2023-09-22,603156,养元饮品,72598506,1534516,1062307,307612,16200,2500
2023-09-22,603160,汇顶科技,855590369,42159103,28646522,500253,120300,91400
2023-09-22,603167,渤海轮渡,137206340,906189,2788805,1500,0,0
2023-09-22,603169,兰石重装,323238518,4364380,8516632,898171,95335,48900
2023-09-22,603172,万丰股份,19356515,991465,1331479,0,0,0
2023-09-22,603179,新泉股份,55270346,6177329,6538012,391080,61667,86210
2023-09-22,603181,皇马科技,47512213,983146,4446546,0,0,0
2023-09-22,603185,弘元绿能,1063969565,12824006,16433635,92200,21300,39768
2023-09-22,603191,望变电气,229113399,4618503,6745353,14700,0,0
2023-09-22,603195,公牛集团,222708679,6051257,2900874,81386,18700,2200
2023-09-22,603197,保隆科技,90434444,5745706,4012425,450280,20900,24800
2023-09-22,603198,迎驾贡酒,159599963,13241527,7097019,1014981,43891,107300
2023-09-22,603212,赛伍技术,307372667,6949896,6845802,1282498,39006,27000
2023-09-22,603218,日月股份,166491007,2131617,2935235,953272,9800,21100
2023-09-22,603220,中贝通信,674186074,294372190,300063165,45900,12000,17500
2023-09-22,603222,济民医疗,198951199,3263814,4032278,1224220,100,13300
2023-09-22,603223,恒通股份,82689487,2225787,2363016,0,0,0
2023-09-22,603225,新凤鸣,69285340,1023300,1433973,1865983,35800,207400
2023-09-22,603227,雪峰科技,257639356,4966125,2796132,7668833,0,0
2023-09-22,603228,景旺电子,155395590,6278748,5836276,232688,52900,21900
2023-09-22,603229,奥翔药业,332695444,3633224,4849503,83852,9200,7652
2023-09-22,603233,大参林,183404030,5745887,2433059,334790,43000,31300
2023-09-22,603236,移远通信,631823817,11241511,11753609,121510,11900,11080
2023-09-22,603259,药明康德,2415253540,40020979,38326113,816864,99000,79899
2023-09-22,603260,合盛硅业,831983887,2792558,9676106,1434400,7900,18300
2023-09-22,603267,鸿远电子,251010984,23536048,35723462,885039,102633,70900
2023-09-22,603270,金帝股份,138629555,107610677,128907306,4090132,92400,408601
2023-09-22,603275,众辰科技,101155164,16381951,19613433,0,0,0
2023-09-22,603279,景津装备,89504038,796003,1435186,75517,4400,2460
2023-09-22,603283,赛腾股份,155485444,26068813,24891457,1776200,13700,5900
2023-09-22,603288,海天味业,1017647135,28724402,41808191,2767672,102345,21749
2023-09-22,603290,斯达半导,656925056,12203654,14866365,75404,8200,16900
2023-09-22,603296,华勤技术,91938563,10260450,15338103,77478,46278,14138
2023-09-22,603297,永新光学,51662981,619225,1482852,39328,5700,2500
2023-09-22,603298,杭叉集团,61371645,1087730,3446014,483096,60800,12100
2023-09-22,603299,苏盐井神,208940765,3937076,6787338,333778,2600,31400
2023-09-22,603300,华铁应急,195021536,838978,5139322,294964,21800,11200
2023-09-22,603301,振德医疗,39424446,1323398,2780632,32084,10500,3200
2023-09-22,603305,旭升集团,124720739,9377961,6976149,810118,64640,61520
2023-09-22,603306,华懋科技,574613603,56653669,47967172,360344,45800,31700
2023-09-22,603308,应流股份,232353509,3208247,2121578,104370,300,2600
2023-09-22,603317,天味食品,77696394,577327,2637220,484978,5000,6560
2023-09-22,603318,水发燃气,175278144,6399573,6462633,0,0,0
2023-09-22,603319,湘油泵,87967297,4018549,4155624,531200,5400,89430
2023-09-22,603323,苏农银行,450771804,17385121,16751756,469271,105200,40000
2023-09-22,603328,依顿电子,176136279,1923906,5934135,1255500,1000,1300
2023-09-22,603329,上海雅仕,130918486,15927483,6455611,3500,0,0
2023-09-22,603330,天洋新材,104248368,4400350,3017799,0,0,0
2023-09-22,603335,迪生力,57634174,1280244,1170684,0,0,0
2023-09-22,603338,浙江鼎力,151960154,1550101,1609037,235833,14600,6400
2023-09-22,603345,安井食品,135795349,6166462,4213417,129578,36100,17592
2023-09-22,603348,文灿股份,157350589,15385173,13831338,1248980,63300,29050
2023-09-22,603355,莱克电气,206898288,4412992,764415,224888,1700,11200
2023-09-22,603358,华达科技,286626113,3636801,5691831,0,0,0
2023-09-22,603363,傲农生物,302487304,1400093,2680675,2824497,32500,89100
2023-09-22,603368,柳药集团,174816639,5399481,2796078,45828,3900,5900
2023-09-22,603369,今世缘,314849720,12596427,24164587,697700,41400,73300
2023-09-22,603377,东方时尚,69204018,2850878,28408841,32400,0,0
2023-09-22,603379,三美股份,416069732,13447389,26624044,671309,87600,65552
2023-09-22,603387,基蛋生物,339598911,3022603,1721947,98445,1800,31100
2023-09-22,603392,万泰生物,613576107,12128730,18822457,2326695,49760,68935
2023-09-22,603393,新天然气,580814948,14758268,10294922,170868,7000,40600
2023-09-22,603396,金辰股份,169637613,3881314,2417034,29300,5200,12000
2023-09-22,603399,吉翔股份,277792467,5068742,5663529,59000,3200,3100
2023-09-22,603416,信捷电气,75316157,9302302,6092062,115666,18900,10600
2023-09-22,603429,集友股份,146367237,4009634,881150,31880,0,26500
2023-09-22,603444,吉比特,145932687,7325718,38614838,81697,11000,6300
2023-09-22,603456,九洲药业,122416876,14669556,6774862,664235,38700,31500
2023-09-22,603466,风语筑,293758684,12790343,21310174,219270,20600,46300
2023-09-22,603477,巨星农牧,151979679,4083499,11426331,1656467,62000,129800
2023-09-22,603486,科沃斯,305168915,13995013,23448351,472108,19100,30000
2023-09-22,603489,八方股份,41320173,304403,818591,46907,2700,2860
2023-09-22,603501,韦尔股份,1402797374,15495487,33283647,1790899,132500,51220
2023-09-22,603505,金石资源,630223404,7241619,9928410,218061,27200,24564
2023-09-22,603507,振江股份,85500006,2443544,2008655,0,0,0
2023-09-22,603508,思维列控,110918613,389124,2482740,600,0,0
2023-09-22,603515,欧普照明,52364409,2522752,1171388,104800,78000,900
2023-09-22,603517,绝味食品,317054291,4450914,8090450,206901,5000,9000
2023-09-22,603527,众源新材,29618934,7683224,520869,0,0,0
2023-09-22,603529,XD爱玛科,177946600,7921948,9868814,332080,70300,21400
2023-09-22,603530,神马电力,23430350,264638,391314,7000,400,500
2023-09-22,603538,美诺华,143652124,3178270,3995926,0,0,0
2023-09-22,603556,海兴电力,80049425,1905792,6466816,0,0,0
2023-09-22,603565,中谷物流,35374505,7432220,567042,1004643,31000,145279
2023-09-22,603566,普莱柯,180407566,1784069,1889279,68400,4900,18300
2023-09-22,603567,珍宝岛,101314867,6045274,6630763,247398,14400,7400
2023-09-22,603568,伟明环保,339663971,1471251,1068609,425582,16500,5500
2023-09-22,603583,捷昌驱动,99553113,2863527,1885663,68722,15100,37500
2023-09-22,603588,高能环境,458747983,5298970,3399462,353887,110300,73220
2023-09-22,603589,口子窖,623665494,26100462,23560817,307312,54600,25200
2023-09-22,603596,伯特利,106001750,14760248,5600130,7466766,26600,158500
2023-09-22,603599,广信股份,693866497,11862146,7147908,1044870,6800,21200
2023-09-22,603601,再升科技,170718112,1893400,2741596,130406,7100,24000
2023-09-22,603602,纵横通信,100436565,2736834,922874,13300,0,0
2023-09-22,603605,珀莱雅,195646178,4105534,6139455,104864,8900,7300
2023-09-22,603606,东方电缆,569765318,8913430,11652146,104104,10200,18734
2023-09-22,603609,禾丰股份,131891063,793021,1040567,103496,3900,28400
2023-09-22,603612,索通发展,246063716,17879369,8998357,442141,13900,18800
2023-09-22,603613,国联股份,845343633,24586098,30977464,207903,24405,17000
2023-09-22,603618,杭电股份,131092732,2994722,4367249,3600,0,0
2023-09-22,603619,中曼石油,288762947,17749954,6706226,1400,0,0
2023-09-22,603626,科森科技,127008365,14715624,10300908,0,0,0
2023-09-22,603628,清源股份,71277773,5483858,12398870,0,0,0
2023-09-22,603636,南威软件,445707960,6921741,9287712,108632,39300,59600
2023-09-22,603638,艾迪精密,572774738,1192013,4596372,227512,7500,20960
2023-09-22,603639,海利尔,64929013,959106,765179,43300,0,0
2023-09-22,603650,彤程新材,235408866,16096910,12317993,1782829,34500,25901
2023-09-22,603658,安图生物,321606741,7944652,7817021,263496,51885,10900
2023-09-22,603659,璞泰来,638788569,14482664,9377705,3069973,122485,86900
2023-09-22,603660,苏州科达,126165174,1176741,3832540,8400,8400,0
2023-09-22,603663,三祥新材,146096874,1852526,1988124,0,0,0
2023-09-22,603667,五洲新春,242145360,83658771,91909820,55600,2000,0
2023-09-22,603668,天马科技,290006149,4679251,5983131,500700,6500,75400
2023-09-22,603678,火炬电子,384819395,10118509,7817944,1084464,30500,107300
2023-09-22,603681,永冠新材,153054159,2476083,791562,0,0,0
2023-09-22,603688,石英股份,1043875572,76735703,44092190,588180,28700,43900
2023-09-22,603690,至纯科技,424283935,10728932,11520380,489408,46800,92020
2023-09-22,603693,江苏新能,47858767,1621127,1148928,85133,2200,30
2023-09-22,603696,安记食品,67739841,1190368,846423,0,0,0
2023-09-22,603698,航天工程,157526087,2221491,2441224,9750,0,0
2023-09-22,603699,纽威股份,44739556,3252316,4291295,4000,0,100
2023-09-22,603707,健友股份,121058080,2374553,2552307,799410,218200,26700
2023-09-22,603708,家家悦,86364018,1661987,1179472,10400,0,0
2023-09-22,603712,七一二,225474460,5685073,6871648,295243,19800,86400
2023-09-22,603713,密尔克卫,90427972,1554857,770070,122423,23000,5400
2023-09-22,603718,海利生物,223207925,3776100,2032593,160587,14100,1800
2023-09-22,603719,良品铺子,207577574,2670106,4205437,5265442,18300,22600
2023-09-22,603727,博迈科,98511609,14695883,6310605,0,0,0
2023-09-22,603730,岱美股份,33754176,305348,1030147,240543,42800,9068
2023-09-22,603733,仙鹤股份,111503379,4711302,1270190,70008,7700,2200
2023-09-22,603737,三棵树,64788706,4859617,1164263,257406,8100,6500
2023-09-22,603738,泰晶科技,244776545,22324956,9539795,0,0,0
2023-09-22,603758,秦安股份,29771018,4198327,3147845,38000,38000,0
2023-09-22,603766,隆鑫通用,554994909,52733800,27569917,498071,305900,52600
2023-09-22,603776,永安行,196476121,2446291,2568137,15600,0,0
2023-09-22,603777,来伊份,139431843,1842797,8854932,105260,11200,4500
2023-09-22,603786,科博达,7469646,1083425,1340373,90025,10000,10733
2023-09-22,603789,星光农机,71653360,971718,2963573,0,0,0
2023-09-22,603799,华友钴业,2666403441,35305254,46664560,39608379,90000,63400
2023-09-22,603800,道森股份,188409356,3638693,3075056,0,0,0
2023-09-22,603803,瑞斯康达,169792473,2856033,6611878,0,0,0
2023-09-22,603806,福斯特,697478734,9191229,12042639,1601658,26000,33900
2023-09-22,603816,顾家家居,72361017,4109405,2856109,624675,120200,28700
2023-09-22,603826,坤彩科技,410826565,442423,2016213,232960,1800,7500
2023-09-22,603833,欧派家居,126740576,10361387,2377137,204386,59900,36400
2023-09-22,603858,步长制药,581090904,5717365,6389723,415618,20000,16000
2023-09-22,603866,桃李面包,126601041,1556156,2468785,538025,110100,122700
2023-09-22,603867,新化股份,295035922,1951428,9290391,6369,6369,5600
2023-09-22,603868,飞科电器,27221246,1482604,366067,123214,14400,9033
2023-09-22,603871,嘉友国际,76228693,1190259,1476131,79484,300,22600
2023-09-22,603876,鼎胜新材,350067926,3830180,3263294,4092467,666800,45797
2023-09-22,603877,太平鸟,107527938,1124891,1016453,25700,1700,2400
2023-09-22,603881,数据港,389526028,10371360,15095561,593467,54900,116340
2023-09-22,603882,金域医学,195329369,5155292,5318049,239541,6300,83200
2023-09-22,603883,老百姓,144167448,4269066,2907459,248897,21900,12100
2023-09-22,603885,吉祥航空,70623838,2921140,6044935,911173,269100,76500
2023-09-22,603888,新华网,490847893,50558397,34819690,465694,11400,19200
2023-09-22,603890,春秋电子,147666156,16690948,11860476,44700,3000,10300
2023-09-22,603893,瑞芯微,132639490,3943552,7720759,450066,33700,30367
2023-09-22,603897,XD长城科,59473811,3146288,5133906,0,0,0
2023-09-22,603899,晨光股份,90503426,6148450,2789341,32703,3800,9200
2023-09-22,603906,龙蟠科技,205118019,4894676,5720307,602365,48900,175819
2023-09-22,603908,牧高笛,43859742,4910085,2182448,0,0,0
2023-09-22,603915,国茂股份,50318194,4233985,2249930,357184,18200,30600
2023-09-22,603916,苏博特,68606503,420086,1716055,102065,300,7280
2023-09-22,603919,金徽酒,227206496,9411932,10393727,325254,67700,72700
2023-09-22,603920,世运电路,294918901,15232974,29554081,76653,20100,37000
2023-09-22,603927,中科软,290411521,10528042,10956938,290118,20200,45740
2023-09-22,603936,博敏电子,392484950,8809530,11651232,543981,28700,28500
2023-09-22,603938,三孚股份,131095052,1627792,2714882,142102,11600,10320
2023-09-22,603939,益丰药房,138639989,1939846,2519501,696625,15900,37900
2023-09-22,603959,百利科技,425006773,5555011,3573393,315620,23300,35500
2023-09-22,603960,克来机电,66816509,15171941,14426480,37224,8300,0
2023-09-22,603963,大理药业,15899128,2256990,2234530,0,0,0
2023-09-22,603969,银龙股份,95769942,1307923,2297892,33900,0,1400
2023-09-22,603978,深圳新星,36665293,898952,317448,0,0,0
2023-09-22,603979,金诚信,105887716,8100235,27079336,618657,122200,248300
2023-09-22,603982,泉峰汽车,67757494,6439895,12293276,0,0,0
2023-09-22,603985,恒润股份,199688913,25305963,65904787,354315,83100,31800
2023-09-22,603986,兆易创新,2587852464,91242887,103902825,890945,189275,70078
2023-09-22,603989,艾华集团,102173444,1154099,4217463,47717,4900,5300
2023-09-22,603990,麦迪科技,279836589,2639272,4906235,0,0,0
2023-09-22,603993,洛阳钼业,1441971133,58794921,33079286,4701100,39100,698700
2023-09-22,603995,甬金股份,80402531,3095778,2241899,149130,1900,7100
2023-09-22,603997,继峰股份,28489447,6536956,948384,514846,42800,20300
2023-09-22,605020,永和股份,71474511,2550608,5330242,56570,14000,37465
2023-09-22,605090,九丰能源,122051639,2303836,3611065,228088,38500,4300
2023-09-22,605111,新洁能,345736496,8248142,8922717,661039,32300,61904
2023-09-22,605117,德业股份,706178668,37168850,29461833,434060,19400,26800
2023-09-22,605123,派克新材,140716117,5331628,8863573,51317,4400,27300
2023-09-22,605168,三人行,137131042,8475772,23725063,26072,10500,8695
2023-09-22,605208,永茂泰,42335101,589617,937594,900,0,19100
2023-09-22,605305,中际联合,58796789,511602,946938,5900,0,1300
2023-09-22,605358,立昂微,804444423,5991222,13652333,2692386,21800,72800
2023-09-22,605366,宏柏新材,42189598,888321,1485737,0,0,0
2023-09-22,605376,博迁新材,145881452,1565554,1912319,116446,13400,11400
2023-09-22,605399,晨光新材,74493724,938416,1785192,0,0,0
2023-09-22,605499,东鹏饮料,31058395,1979311,1346479,807967,6700,4400
2023-09-22,605589,圣泉集团,356827396,22796685,31600320,626694,79400,253758
2023-09-22,688001,华兴源创,133298881,897067,3163488,72751,19600,9647
2023-09-22,688002,睿创微纳,329109378,15940531,12557712,1152934,97277,89789
2023-09-22,688003,天准科技,193558005,2298867,3820205,0,0,0
2023-09-22,688004,博汇科技,63697365,744074,2602182,0,0,0
2023-09-22,688005,容百科技,1350693729,17289446,18310766,8068774,56841,65236
2023-09-22,688006,杭可科技,157900178,6401927,3656657,385658,42200,7900
2023-09-22,688007,光峰科技,388466968,11503335,7577749,483655,62866,32767
2023-09-22,688008,澜起科技,981698299,19541465,38333592,16644873,138542,559097
2023-09-22,688009,中国通号,203122891,3518598,3847250,8815817,405699,48200
2023-09-22,688010,福光股份,115527951,1293616,2508959,0,0,0
2023-09-22,688011,新光光电,38253277,719328,805128,0,0,0
2023-09-22,688012,中微公司,1176926331,63344494,51056985,5769885,108066,71288
2023-09-22,688013,天臣医疗,18896117,392702,695226,0,0,0
2023-09-22,688015,交控科技,55231643,1309756,887433,0,0,0
2023-09-22,688016,心脉医疗,252187173,8927809,5081338,95922,12789,13389
2023-09-22,688017,绿的谐波,399348626,21659217,21536133,1188974,49649,63020
2023-09-22,688018,乐鑫科技,171532461,2746284,7176564,79739,12503,5885
2023-09-22,688019,安集科技,292321831,61494707,24307827,1003170,88169,31939
2023-09-22,688020,方邦股份,85266339,339253,712017,200,0,0
2023-09-22,688021,奥福环保,21348473,380984,639506,7000,7000,0
2023-09-22,688022,瀚川智能,271977226,2870347,1508808,75287,0,0
2023-09-22,688023,安恒信息,243983698,7699436,2865362,113666,21408,7787
2023-09-22,688025,杰普特,115622409,2817151,6542892,7169,7169,2349
2023-09-22,688026,洁特生物,69328531,2137069,3921123,226074,1074,1500
2023-09-22,688027,国盾量子,247098572,7970329,7814034,42537,12415,14806
2023-09-22,688028,沃尔德,86353381,788013,748795,8200,3500,3470
2023-09-22,688029,南微医学,196020020,7224063,7440771,775740,19054,27864
2023-09-22,688030,山石网科,58639955,332859,1395983,2600,0,0
2023-09-22,688031,星环科技,43269925,5877770,3672215,86060,6801,5236
2023-09-22,688032,禾迈股份,264524969,16871515,9041546,518027,24718,18927
2023-09-22,688033,天宜上佳,208114149,3080854,4766977,400695,56100,31729
2023-09-22,688035,德邦科技,103248941,12711428,7290286,0,0,0
2023-09-22,688036,传音控股,595669901,40826113,21609890,2002265,56044,144010
2023-09-22,688037,芯源微,265480017,31653419,18978632,294520,55339,52006
2023-09-22,688038,中科通达,36961096,1509642,5014727,0,0,0
2023-09-22,688039,当虹科技,161700226,13706724,11537144,328571,24328,23269
2023-09-22,688041,海光信息,1548543466,145863292,97838284,2429978,188198,176316
2023-09-22,688045,必易微,42316430,1269148,728964,80311,3259,2725
2023-09-22,688046,药康生物,51578523,2063680,884071,6400501,16242,14836
2023-09-22,688047,龙芯中科,377071761,20302043,20183869,918442,35237,71381
2023-09-22,688048,长光华芯,268178970,33474085,34932235,1162301,102703,56570
2023-09-22,688049,炬芯科技,148891180,3866853,4208872,3100,0,6139
2023-09-22,688050,爱博医疗,324534324,8548967,6660505,170952,14566,13119
2023-09-22,688051,佳华科技,49232886,1237705,1181041,0,0,0
2023-09-22,688052,纳芯微,170957409,6619300,6905514,1156031,90625,29560
2023-09-22,688053,思科瑞,96904435,1233827,2238021,60831,6058,3114
2023-09-22,688055,龙腾光电,83027229,628673,1455863,1137038,12800,0
2023-09-22,688056,莱伯泰科,95696523,4556163,1098214,0,0,0
2023-09-22,688057,金达莱,121062622,765342,403672,246066,200,0
2023-09-22,688058,宝兰德,38547195,713389,918433,7300,7300,0
2023-09-22,688059,华锐精密,71421883,1872214,2669270,29901,107,10200
2023-09-22,688060,云涌科技,37650123,28011,440559,0,0,0
2023-09-22,688061,灿瑞科技,84896116,3184886,3627728,374539,42888,28096
2023-09-22,688062,迈威生物,44549365,6242195,2211129,253596,12502,48435
2023-09-22,688063,派能科技,1614797765,53890295,57901821,401268,75734,188153
2023-09-22,688065,凯赛生物,323520570,2864736,2304106,1367975,54122,46835
2023-09-22,688066,航天宏图,237404175,8903458,5535240,331182,38477,44599
2023-09-22,688067,爱威科技,35676143,780067,661260,0,0,0
2023-09-22,688068,热景生物,190036494,3014276,8008025,801,201,1857
2023-09-22,688069,德林海,34850841,670243,160919,40744,25367,0
2023-09-22,688070,纵横股份,54058314,232436,367207,0,0,0
2023-09-22,688071,华依科技,51852950,2639827,2466920,0,0,0
2023-09-22,688072,拓荆科技,225997636,18003131,41559881,3899016,46008,19401
2023-09-22,688073,毕得医药,58315426,4443741,3824762,346889,5043,12462
2023-09-22,688075,安旭生物,91745061,2541125,3246457,105996,4621,4784
2023-09-22,688076,诺泰生物,327958368,20939927,19336259,21448,19748,11775
2023-09-22,688077,大地熊,144819863,2591811,2651210,33033,4104,4000
2023-09-22,688078,龙软科技,94459345,1129167,2003904,0,0,0
2023-09-22,688079,美迪凯,62313930,3186932,7271993,546955,30379,79757
2023-09-22,688080,映翰通,106452771,798858,4815338,0,0,0
2023-09-22,688081,兴图新科,31869085,823876,325246,0,0,0
2023-09-22,688082,盛美上海,90829816,3870599,4412649,591114,22714,22929
2023-09-22,688083,中望软件,116123743,9329191,2523451,128905,25625,14331
2023-09-22,688084,晶品特装,20567665,1201235,1138740,47022,2828,3017
2023-09-22,688085,三友医疗,62459368,3125589,5557292,1322397,10241,33181
2023-09-22,688087,英科再生,79177723,1256708,2651478,0,0,0
2023-09-22,688088,虹软科技,355268128,14435954,19139778,432436,152381,64478
2023-09-22,688089,嘉必优,114665873,1618523,3072444,43104,11000,11893
2023-09-22,688090,瑞松科技,70713733,1254892,1825418,0,0,0
2023-09-22,688091,上海谊众,480920242,8255892,7926430,55029,7398,14380
2023-09-22,688092,爱科科技,37141804,2317508,2317691,90124,5040,5376
2023-09-22,688093,世华科技,86438426,93822,1128154,0,0,0
2023-09-22,688095,福昕软件,88075471,13664277,5774189,2692,200,0
2023-09-22,688096,京源环保,44292039,1095925,926502,36700,3400,0
2023-09-22,688097,博众精工,126668292,3726138,3324412,44136,11591,2137
2023-09-22,688098,申联生物,92576390,159004,327660,0,0,0
2023-09-22,688099,晶晨股份,99615202,5751058,13788795,6487818,45425,65462
2023-09-22,688100,威胜信息,43976520,1314858,6812940,211816,30521,36559
2023-09-22,688101,三达膜,117643407,2810426,3488567,0,0,0
2023-09-22,688102,斯瑞新材,53947203,4188275,3960548,748418,19600,0
2023-09-22,688103,国力股份,141495453,3950912,1570149,0,0,0
2023-09-22,688105,诺唯赞,118904566,825365,2478388,459334,25701,19817
2023-09-22,688106,金宏气体,207127790,3793788,3810589,694886,49800,10941
2023-09-22,688107,安路科技,110548395,3340986,3359507,530039,45499,23904
2023-09-22,688108,赛诺医疗,219392137,7615278,2233637,0,0,0
2023-09-22,688109,品茗科技,42682292,1079205,3183676,0,0,0
2023-09-22,688110,东芯股份,315458850,20789993,19423202,1598991,204655,107778
2023-09-22,688111,金山办公,618800911,131717666,94412492,5967204,83430,23621
2023-09-22,688112,鼎阳科技,48857449,3050450,6024558,61306,9019,5799
2023-09-22,688113,联测科技,76427014,671757,237864,0,0,0
2023-09-22,688114,华大智造,87309035,5564642,3336107,172179,19308,15060
2023-09-22,688115,思林杰,54995918,6577875,16522980,207491,33562,2200
2023-09-22,688116,天奈科技,476195894,8687590,11824932,1046499,100314,54275
2023-09-22,688117,圣诺生物,139177288,11362211,13702300,155678,49056,31881
2023-09-22,688118,普元信息,81533263,1287108,1431101,117898,12100,28628
2023-09-22,688119,中钢洛耐,76685572,2285868,1870918,10834495,0,5900
2023-09-22,688120,华海清科,264896548,22260213,16411486,3699290,36349,30018
2023-09-22,688121,卓然股份,62871657,1162637,4445602,231312,3200,4332
2023-09-22,688122,西部超导,379193562,21528176,16100348,1543516,44365,76576
2023-09-22,688123,聚辰股份,335447561,30922792,26704600,598325,103873,90487
2023-09-22,688125,安达智能,26598328,947595,1295722,124909,3413,2543
2023-09-22,688126,沪硅产业,653734292,31038628,13467108,24931145,215440,64154
2023-09-22,688127,蓝特光学,177099538,8734635,22413564,138052,65077,65995
2023-09-22,688128,中国电研,95963166,2623790,2889391,24922,15247,11645
2023-09-22,688129,东来技术,24944732,1542714,2482733,0,0,0
2023-09-22,688130,晶华微,47909589,1771506,441427,105963,20300,0
2023-09-22,688131,皓元医药,132035971,5802695,4533229,417932,28066,37465
2023-09-22,688132,邦彦技术,52236122,533547,3105064,534257,100722,179112
2023-09-22,688133,泰坦科技,203647820,2687440,2860371,155453,27707,6679
2023-09-22,688135,利扬芯片,113962743,10745025,5875278,0,0,0
2023-09-22,688136,科兴制药,63867626,623412,1048266,4780,0,0
2023-09-22,688137,近岸蛋白,73201109,2265343,2872856,159630,25010,17180
2023-09-22,688138,清溢光电,101902671,7772150,6483519,0,0,0
2023-09-22,688139,海尔生物,180394117,2941011,3377743,799171,41974,25491
2023-09-22,688141,杰华特,79497698,6839915,2298759,514751,34412,23533
2023-09-22,688143,长盈通,29406960,912721,2050753,315343,58159,34690
2023-09-22,688146,中船特气,172820056,4181904,8220156,228170,14520,18998
2023-09-22,688147,微导纳米,54262373,5311772,2431970,173048,22447,13585
2023-09-22,688148,芳源股份,290555305,1305943,2468997,836468,48221,34768
2023-09-22,688150,莱特光电,62680614,1854055,1370017,193532,5815,6971
2023-09-22,688151,华强科技,62448818,591315,1590023,606788,0,2195
2023-09-22,688152,麒麟信安,106288941,8296102,8792360,196873,37435,30648
2023-09-22,688153,唯捷创芯,38823818,5695500,8342496,417913,26192,25871
2023-09-22,688155,先惠技术,168646761,1129137,929649,7677,4707,4924
2023-09-22,688156,路德环境,116679038,1070259,593860,0,0,0
2023-09-22,688157,松井股份,81674841,4159891,2360333,8000,2000,0
2023-09-22,688158,优刻得,334538478,17109541,20087159,270547,60900,50909
2023-09-22,688159,有方科技,59846430,1537865,1811300,1200,0,0
2023-09-22,688160,步科股份,128665393,24946420,25391916,2428,600,600
2023-09-22,688161,威高骨科,153321289,5033383,3806320,340697,22038,44768
2023-09-22,688162,巨一科技,89586779,1501279,2333466,856394,5000,6775
2023-09-22,688163,赛伦生物,24075888,91021,207072,8371,967,0
2023-09-22,688165,埃夫特,73616598,3826249,1502353,2486149,37761,32350
2023-09-22,688166,博瑞医药,387576994,18127781,15058698,467680,112104,50476
2023-09-22,688167,炬光科技,341917598,23318385,18751143,1640749,33613,38168
2023-09-22,688168,安博通,72758792,857222,2182767,0,0,0
2023-09-22,688169,石头科技,152495419,8848679,4775458,1192503,4171,16929
2023-09-22,688170,德龙激光,118741276,3047069,5291610,219040,947,2810
2023-09-22,688171,纬德信息,33093069,709538,1889336,6721,0,0
2023-09-22,688172,燕东微,178665061,6319008,5077470,1561944,37414,19923
2023-09-22,688173,希荻微,66009340,4541268,3192761,2958144,3055,113550
2023-09-22,688175,高凌信息,30485928,1373154,1448984,271000,0,0
2023-09-22,688176,亚虹医药,32785932,6298543,6759694,812913,177205,127897
2023-09-22,688177,百奥泰,98823527,1925285,977020,157851,7494,7202
2023-09-22,688178,万德斯,30059384,1467576,593473,0,0,0
2023-09-22,688179,阿拉丁,116703034,1613216,2357106,8800,0,200
2023-09-22,688180,君实生物,812730419,3038293,5205757,1156941,37370,30571
2023-09-22,688181,八亿时空,88724587,2691142,3069745,90000,0,0
2023-09-22,688182,灿勤科技,125777394,7729428,10428449,830465,89807,108501
2023-09-22,688183,生益电子,70779006,1196797,6129874,189484,40600,1243
2023-09-22,688184,帕瓦股份,35707080,638089,1120442,146269,5454,6503
2023-09-22,688185,康希诺,455398511,6310705,7967340,350822,35867,23996
2023-09-22,688186,广大特材,231021054,2267141,4736578,84201,400,1800
2023-09-22,688187,时代电气,279473372,6248188,3450137,940389,15313,74724
2023-09-22,688188,柏楚电子,25357668,3301328,3453924,982382,25453,12313
2023-09-22,688189,南新制药,107061341,1263188,2037139,0,0,0
2023-09-22,688190,云路股份,80465029,1502786,1983305,75963,921,810
2023-09-22,688191,智洋创新,35710783,1630586,4086536,129655,0,9200
2023-09-22,688192,迪哲医药,16979890,1465726,818978,5571731,21510,400
2023-09-22,688193,仁度生物,18947648,426660,288602,117611,0,4000
2023-09-22,688195,腾景科技,164078784,18861044,53705351,4800,2300,13100
2023-09-22,688196,卓越新能,66522207,547853,1630504,4618,68,1404
2023-09-22,688197,首药控股,263841547,3751822,2793021,73302,2400,4082
2023-09-22,688198,佰仁医疗,140300016,1168802,544696,231930,12960,5435
2023-09-22,688199,久日新材,196251069,3478480,3342579,0,0,0
2023-09-22,688200,华峰测控,137639543,5099011,11735182,309363,22512,19828
2023-09-22,688201,信安世纪,84743645,2595635,1638279,0,0,0
2023-09-22,688202,美迪西,479456220,10427234,10692663,950491,40723,30164
2023-09-22,688203,海正生材,26179506,732976,817019,38400,0,0
2023-09-22,688205,德科立,116328543,29463214,41711117,926000,0,0
2023-09-22,688206,概伦电子,142895542,8052916,9296292,632618,17120,112296
2023-09-22,688207,格灵深瞳,164906477,7194216,10431364,434300,194300,0
2023-09-22,688208,道通科技,226398495,5648659,7102977,478086,60230,18939
2023-09-22,688209,英集芯,60687117,723827,1981637,2812756,22518,9021
2023-09-22,688210,统联精密,79710990,2018579,2313340,239840,2053,9415
2023-09-22,688211,中科微至,66612222,1397083,2700923,1100,1100,8405
2023-09-22,688212,澳华内镜,50684434,3521224,3573050,305980,12951,17214
2023-09-22,688213,思特威,58990540,16768996,11346558,1918312,64794,28472
2023-09-22,688215,瑞晟智能,35765057,489564,1033619,0,0,0
2023-09-22,688216,气派科技,56914554,674708,1655602,0,0,0
2023-09-22,688217,睿昂基因,59046553,1868726,2545006,122010,0,500
2023-09-22,688218,江苏北人,130641345,4348896,2833694,13104,2304,2275
2023-09-22,688219,会通股份,65706435,1592636,773201,0,0,0
2023-09-22,688220,翱捷科技,80103081,1253426,4068434,694139,58572,2200
2023-09-22,688221,前沿生物,70712946,2165381,1497577,28192,0,200
2023-09-22,688222,成都先导,145312537,5941927,5677353,19704,9529,7186
2023-09-22,688223,晶科能源,697243451,18469315,26712839,22105534,137300,574900
2023-09-22,688225,亚信安全,33132512,298180,822393,427522,1400,169283
2023-09-22,688226,威腾电气,48632518,3512764,6030122,0,0,0
2023-09-22,688227,品高股份,40798266,752641,1676268,32672,8411,4037
2023-09-22,688228,开普云,87559994,5044103,8733923,0,0,0
2023-09-22,688229,博睿数据,37850207,428392,844880,0,0,0
2023-09-22,688230,芯导科技,80471250,1025972,1376136,30545,1700,4502
2023-09-22,688231,隆达股份,95032325,2950096,3630597,296850,0,0
2023-09-22,688232,新点软件,85618774,1500711,1936723,140821,35556,30320
2023-09-22,688233,神工股份,159531768,3894368,7985225,438459,22657,14946
2023-09-22,688234,天岳先进,156364304,7417821,4572623,3003352,35134,41804
2023-09-22,688235,百济神州,349949850,17834359,13682208,218419,29961,46470
2023-09-22,688236,春立医疗,39697525,2100898,2022439,653022,26580,17180
2023-09-22,688237,超卓航科,31716339,1126390,1752714,60274,7655,0
2023-09-22,688238,和元生物,167064077,4650606,2716269,5837391,44084,147281
2023-09-22,688239,航宇科技,53788077,5981653,4172405,297768,58428,47138
2023-09-22,688244,永信至诚,50718642,7403230,7697114,231529,8631,95908
2023-09-22,688246,嘉和美康,120443783,1073039,2192743,2048844,81100,15904
2023-09-22,688247,宣泰医药,36739156,2060483,1115204,240294,46871,18217
2023-09-22,688248,南网科技,151626913,13262704,12942832,365685,26893,14071
2023-09-22,688249,晶合集成,380800131,8161051,13229418,1640964,25147,25571
2023-09-22,688251,井松智能,25728650,472093,1269644,106418,0,4578
2023-09-22,688252,天德钰,26318271,1591104,589116,747218,16999,22481
2023-09-22,688253,英诺特,57980965,4790039,2805274,1070100,0,0
2023-09-22,688255,凯尔达,50808736,950521,947853,99591,8974,7654
2023-09-22,688256,寒武纪,779709495,97425827,61079261,5290075,137571,206873
2023-09-22,688257,新锐股份,22426130,1104316,1406544,172665,0,400
2023-09-22,688258,卓易信息,143094874,8704297,15075136,0,0,0
2023-09-22,688259,创耀科技,340396813,116832127,66842643,691382,81538,131921
2023-09-22,688260,昀冢科技,45274108,457357,1551645,0,0,0
2023-09-22,688261,东微半导,190009560,9775677,6596438,391226,23347,21701
2023-09-22,688262,国芯科技,335567009,6438400,8064826,483299,6067,3722
2023-09-22,688265,南模生物,31059652,160285,347218,203356,705,1300
2023-09-22,688266,泽璟制药,232708852,9511379,4969021,6431794,51372,113076
2023-09-22,688267,中触媒,94726031,953654,5002754,212471,2631,1000
2023-09-22,688268,华特气体,195974538,4466225,6403037,181989,24124,9873
2023-09-22,688269,凯立新材,47198446,1102397,1752658,3591,741,485
2023-09-22,688270,臻镭科技,150630554,12973950,6433225,1188106,59411,65652
2023-09-22,688271,联影医疗,431719393,22001546,25349007,1262092,27128,165757
2023-09-22,688273,麦澜德,47974712,1443892,3722265,48775,11438,400
2023-09-22,688275,万润新能,156473328,1732149,4641421,120069,6200,30649
2023-09-22,688276,百克生物,98980276,2576827,4832653,1205495,38169,67792
2023-09-22,688277,天智航,178246775,1468528,2409375,157997,21119,13860
2023-09-22,688278,特宝生物,145642284,2275065,2394616,280708,34814,22335
2023-09-22,688279,峰岹科技,41582328,6858302,1754989,689903,11139,8576
2023-09-22,688280,精进电动,61396203,442173,1185970,2432453,52082,0
2023-09-22,688281,华秦科技,26542848,3925908,4026221,249471,16721,8451
2023-09-22,688282,理工导航,55519165,3337788,3958591,227487,8822,15035
2023-09-22,688283,坤恒顺维,23089176,2040898,905315,103763,4128,8931
2023-09-22,688285,高铁电气,64867239,1447740,5256947,452313,12408,41675
2023-09-22,688286,敏芯股份,106854602,2474596,3855814,267678,11583,100
2023-09-22,688287,观典防务,66841620,1343295,1816488,0,0,0
2023-09-22,688288,鸿泉物联,44852491,5250102,3605063,6400,0,0
2023-09-22,688289,圣湘生物,224407284,2824696,2773891,748080,63769,176057
2023-09-22,688290,景业智能,19727005,1006967,2205458,958942,16461,982
2023-09-22,688291,金橙子,56648373,5230164,5921731,322267,21718,24643
2023-09-22,688292,浩瀚深度,94997818,19609421,14002828,1630000,0,0
2023-09-22,688293,奥浦迈,43151869,3902526,940449,127982,3087,988
2023-09-22,688295,中复神鹰,128483073,1022057,1636680,1178306,2434,11310
2023-09-22,688296,和达科技,19102714,2012058,1421130,7870,0,0
2023-09-22,688297,中无人机,361401915,7424850,7298484,866817,88333,9591
2023-09-22,688298,东方生物,341740284,3331276,6447656,345665,28751,11184
2023-09-22,688299,长阳科技,168785291,1394334,1326858,19362,0,400
2023-09-22,688300,联瑞新材,96567124,1351122,1929770,0,0,0
2023-09-22,688301,奕瑞科技,71968008,3446266,3447450,366093,15799,13406
2023-09-22,688302,海创药业,12958807,2243860,3275212,119822,4499,10694
2023-09-22,688303,大全能源,995828509,30002024,6683991,6359620,18562,14400
2023-09-22,688305,科德数控,136340394,2810601,6463970,4610,516,632
2023-09-22,688306,均普智能,73770072,1557635,4992902,706700,8900,400
2023-09-22,688307,中润光学,47443749,1721298,2663097,136543,7900,16187
2023-09-22,688308,欧科亿,80212458,1924983,2011089,97469,7977,26221
2023-09-22,688309,恒誉环保,24318645,710175,1894757,0,0,0
2023-09-22,688310,迈得医疗,31678656,505288,526462,0,0,0
2023-09-22,688311,盟升电子,181877953,9755487,8031623,19500,0,0
2023-09-22,688312,燕麦科技,48138983,1214401,1540681,0,0,1300
2023-09-22,688313,仕佳光子,465038187,83770746,41573999,0,0,0
2023-09-22,688314,康拓医疗,60161801,1073554,736544,0,0,0
2023-09-22,688315,诺禾致源,26233943,604725,979410,169546,23700,2088
2023-09-22,688316,青云科技,82390553,17401851,26612938,0,0,0
2023-09-22,688317,之江生物,210368542,3557483,2277991,33214,5400,18408
2023-09-22,688318,财富趋势,626209117,172559255,142120200,79514,14620,6214
2023-09-22,688319,欧林生物,123541525,3033510,2067177,95393,7494,13853
2023-09-22,688320,禾川科技,118093403,17836910,24181254,1640752,53762,31191
2023-09-22,688321,微芯生物,317179336,7670828,5657749,450412,68323,80262
2023-09-22,688322,奥比中光,165817981,10758041,18200803,80813,0,30000
2023-09-22,688323,瑞华泰,132307040,5709263,6427889,0,0,0
2023-09-22,688325,赛微微电,50021916,651114,477266,106285,0,9362
2023-09-22,688326,经纬恒润,66811624,7841848,6920223,607554,22690,22532
2023-09-22,688327,云从科技,493173953,37703546,53067138,34270817,25300,557
2023-09-22,688328,深科达,47568931,4695277,3688506,9500,0,0
2023-09-22,688329,艾隆科技,54706096,1704310,857706,0,0,0
2023-09-22,688330,宏力达,146087214,1251948,2949626,25940,0,8295
2023-09-22,688331,荣昌生物,32476025,2793020,5649212,5300016,122425,83112
2023-09-22,688332,中科蓝讯,35414163,5282311,3979409,173777,5478,21008
2023-09-22,688333,铂力特,478958024,7016687,8391311,184373,25661,12575
2023-09-22,688334,西高院,74175263,2827656,3616197,201394,3393,3855
2023-09-22,688335,复洁环保,44978525,587717,2472457,0,0,0
2023-09-22,688336,三生国健,45102170,6515024,3144923,14251,4800,15049
2023-09-22,688337,普源精电,107918274,1209800,1292688,1199965,15063,9916
2023-09-22,688338,赛科希德,24839146,940964,1314329,969,839,0
2023-09-22,688339,亿华通,271293381,3021214,3719002,216785,43001,17857
2023-09-22,688343,云天励飞,362271901,9168564,15663647,173433,64794,52294
2023-09-22,688345,博力威,47046887,461285,1239957,6092,0,4100
2023-09-22,688347,华虹公司,356111044,39867290,36789127,3875121,58688,143882
2023-09-22,688348,昱能科技,371951263,21701996,16185004,1693017,92753,79471
2023-09-22,688349,三一重能,134615934,700568,1036875,3287654,7765,15584
2023-09-22,688350,富淼科技,52591180,1682923,5081269,0,0,0
2023-09-22,688351,微电生理,20165634,5496158,3796716,1920238,367232,13125
2023-09-22,688352,颀中科技,99766915,4765703,3125565,409234,30997,24265
2023-09-22,688353,华盛锂电,101335467,466388,1126261,287098,0,2000
2023-09-22,688355,明志科技,51569859,3034943,4426878,461640,25995,30185
2023-09-22,688356,键凯科技,174315483,7462253,2515760,29007,4550,3965
2023-09-22,688357,建龙微纳,146620102,1887527,4278871,77666,18745,14788
2023-09-22,688358,祥生医疗,70904074,2273010,7683615,25137,6164,2400
2023-09-22,688359,三孚新科,274008874,5536278,6013172,39695,12734,1269
2023-09-22,688360,德马科技,70404246,1044087,1048770,0,0,0
2023-09-22,688361,中科飞测,91352065,8706446,8392903,293096,30956,26189
2023-09-22,688362,甬矽电子,81967479,10029329,11132549,1286209,141822,177272
2023-09-22,688363,华熙生物,549608569,7891059,6955418,3048857,35394,12427
2023-09-22,688365,光云科技,64903070,4620458,7344139,8449901,0,0
2023-09-22,688366,昊海生科,110034594,11653799,5448264,99998,18710,11190
2023-09-22,688367,工大高科,42330880,450286,511613,163509,4200,0
2023-09-22,688368,晶丰明源,82310231,2925654,2893421,7626,1946,1801
2023-09-22,688369,致远互联,97609874,3238592,3987672,0,0,0
2023-09-22,688370,丛麟科技,32147622,420117,3319506,0,0,0
2023-09-22,688371,菲沃泰,82944671,2058845,2206491,247804,26616,400
2023-09-22,688372,伟测科技,48179034,16387942,20516117,623112,143984,55819
2023-09-22,688373,盟科药业,24389789,1500626,1036738,418127,0,0
2023-09-22,688375,国博电子,107700847,4245475,5294624,495781,68093,22182
2023-09-22,688376,美埃科技,43403638,1506967,2367723,95260,26350,62354
2023-09-22,688377,迪威尔,25976238,2008808,3744696,0,0,0
2023-09-22,688378,奥来德,52139863,1521081,865457,0,0,0
2023-09-22,688379,华光新材,27147637,1458155,754417,1200,0,0
2023-09-22,688380,中微半导,125380715,2770781,6385310,1830229,44721,15600
2023-09-22,688381,帝奥微,159123714,3084110,1954502,211831,3425,8353
2023-09-22,688382,益方生物,31818777,2155408,2439804,3891709,1000000,7756
2023-09-22,688383,新益昌,83401600,1377600,1924962,36109,2914,2176
2023-09-22,688385,复旦微电,386020657,4616303,9844860,4161051,36258,21922
2023-09-22,688386,泛亚微透,66600110,1376562,1946971,2644,0,0
2023-09-22,688387,信科移动,160682886,4481213,8971866,2866945,135900,106044
2023-09-22,688388,嘉元科技,497907306,8125509,8823953,853445,87344,61404
2023-09-22,688389,普门科技,39168060,839978,1867373,278234,40247,53372
2023-09-22,688390,固德威,632819618,41524267,40514674,1285912,42529,39614
2023-09-22,688391,钜泉科技,131136636,5793669,3212720,19227,335,35000
2023-09-22,688392,骄成超声,230764781,3029543,5211069,749479,3050,202358
2023-09-22,688393,安必平,79393629,797597,6223862,0,0,5600
2023-09-22,688395,正弦电气,35499054,304016,1346157,0,0,0
2023-09-22,688396,华润微,594751411,13271554,11114742,3902892,72599,31803
2023-09-22,688398,赛特新材,78194044,1242837,1183490,0,0,0
2023-09-22,688399,硕世生物,152543972,3193267,4284872,17454,4488,4512
2023-09-22,688400,凌云光,235690398,15449403,13774599,4479932,0,0
2023-09-22,688401,路维光电,81365133,6671954,9032281,300801,7941,14574
2023-09-22,688403,汇成股份,103773273,7315832,8060160,32738,9000,7200
2023-09-22,688408,中信博,123410217,4162983,2350326,159077,25361,11094
2023-09-22,688409,富创精密,115228094,4512286,10454195,945756,115945,85549
2023-09-22,688410,山外山,215837336,8239906,8845927,316978,96267,58207
2023-09-22,688416,恒烁股份,69170492,9618099,8200386,287463,59228,58357
2023-09-22,688418,震有科技,220127167,55751662,62758349,0,0,0
2023-09-22,688419,耐科装备,43942192,1576031,3789694,268137,17413,54500
2023-09-22,688420,美腾科技,32300357,934075,2178322,175870,5971,5626
2023-09-22,688425,铁建重工,308004000,10043475,7100749,1769273,265700,168245
2023-09-22,688426,康为世纪,31117814,1918580,3604600,526410,1943,59555
2023-09-22,688428,诺诚健华,53478400,1184515,3281344,3861610,9569,11508
2023-09-22,688429,时创能源,40378536,3868135,4134594,616898,67985,38863
2023-09-22,688432,有研硅,139988490,979947,2490836,2964976,48509,2170545
2023-09-22,688433,华曙高科,38961161,1418093,2238054,158875,18759,21295
2023-09-22,688435,英方软件,52234317,9567522,5851019,98033,32583,26332
2023-09-22,688439,振华风光,135116863,5397451,4952098,709748,18222,8858
2023-09-22,688443,智翔金泰,25011825,2534153,3335960,132625,10061,9788
2023-09-22,688448,磁谷科技,17470027,1443527,3278694,126171,18760,11473
2023-09-22,688450,光格科技,28411288,4219288,11884265,79372,3375,1797
2023-09-22,688455,科捷智能,19226110,593335,820211,504300,0,59849
2023-09-22,688456,有研粉材,113070208,1559022,1596946,28290,0,0
2023-09-22,688458,美芯晟,36424646,5802604,7153409,218566,17050,29660
2023-09-22,688459,哈铁科技,45657704,1537079,891567,1194568,0,0
2023-09-22,688466,金科环境,26185314,588131,776377,0,0,0
2023-09-22,688468,科美诊断,65350650,1764418,2584957,0,0,0
2023-09-22,688469,中芯集成,339217383,10170810,10929504,1618876,78437,107619
2023-09-22,688472,阿特斯,337185832,20807626,12126456,1990503,217983,221757
2023-09-22,688475,萤石网络,174953740,9344341,2789944,342764,37179,60846
2023-09-22,688478,晶升股份,63179414,6254647,7962589,444310,81417,94048
2023-09-22,688479,友车科技,70488173,4865372,3494121,108695,16478,5770
2023-09-22,688480,赛恩斯,10040028,253246,1339805,89744,5200,700
2023-09-22,688484,南芯科技,84359883,4062042,4813474,228343,39217,28549
2023-09-22,688485,九州一轨,43215845,999173,2395033,197408,1600,1093
2023-09-22,688486,龙迅股份,19652977,2745719,1948161,67874,10010,7823
2023-09-22,688488,艾迪药业,77474538,2814257,989118,0,0,0
2023-09-22,688489,三未信安,88061635,9772753,9664969,287766,33978,37947
2023-09-22,688496,清越科技,53247856,3756933,2143568,352180,31078,1900
2023-09-22,688498,源杰科技,162095754,73558320,42699894,933553,47976,52255
2023-09-22,688499,利元亨,201158394,7468258,5775799,96068,14250,12771
2023-09-22,688501,青达环保,48787841,4029683,5453945,886201,0,0
2023-09-22,688502,茂莱光学,91583268,19305053,10918917,240089,24719,24296
2023-09-22,688503,聚和材料,76646601,3437368,2486099,139779,5142,8903
2023-09-22,688505,复旦张江,88201060,3374485,2273663,8000,0,0
2023-09-22,688506,百利天恒,11815566,2355385,3199922,900508,31986,31182
2023-09-22,688507,索辰科技,62843442,2791981,5686455,65817,10693,6043
2023-09-22,688508,芯朋微,119863136,4104007,1108726,1055033,5114,3592
2023-09-22,688509,正元地信,121875529,3190929,3688296,0,0,0
2023-09-22,688510,航亚科技,87155905,1122240,1329440,38600,8000,0
2023-09-22,688511,天微电子,52284152,887591,4260017,0,0,0
2023-09-22,688512,慧智微,33490059,6756055,4602530,310178,29361,84064
2023-09-22,688513,苑东生物,43554171,682876,1205968,10000,0,0
2023-09-22,688515,裕太微,155534094,8295724,10336077,185602,15137,14271
2023-09-22,688516,奥特维,429800027,9422521,4777828,218217,28265,42940
2023-09-22,688517,金冠电气,41612742,925742,3460431,0,0,0
2023-09-22,688518,联赢激光,285323904,7984207,15606274,652684,101002,54047
2023-09-22,688519,南亚新材,47048919,420128,493582,0,0,0
2023-09-22,688520,神州细胞,59273888,2312243,1058091,197202,17400,27769
2023-09-22,688521,芯原股份,256020681,5646759,7986877,8168401,21083,22843
2023-09-22,688522,纳睿雷达,121257891,4261030,4291417,211083,9754,16186
2023-09-22,688523,航天环宇,29715873,1363283,2249097,175312,20303,28347
2023-09-22,688525,佰维存储,168142004,14289930,27771892,1818951,60902,65165
2023-09-22,688526,科前生物,76084654,2040575,1731130,184543,23300,33193
2023-09-22,688528,秦川物联,35165902,477817,200914,0,0,0
2023-09-22,688529,豪森股份,48776796,1532464,3114269,0,0,0
2023-09-22,688531,日联科技,55894504,1740818,3162672,79386,8464,2812
2023-09-22,688533,上声电子,55165651,4487261,4577032,30408,5732,5649
2023-09-22,688535,华海诚科,105383737,16546879,26354811,558081,100217,163844
2023-09-22,688536,思瑞浦,442091498,6137194,5114359,1651037,27841,69393
2023-09-22,688538,和辉光电,185539231,2281552,4688864,46375594,177406,502413
2023-09-22,688539,高华科技,44080831,2397523,3514415,153484,4992,4113
2023-09-22,688543,国科军工,73689530,4900939,6396771,242511,23626,28731
2023-09-22,688548,广钢气体,145507586,24285058,43692226,1000430,142102,238203
2023-09-22,688549,中巨芯,200064204,38283495,60084300,11249521,1485244,1250250
2023-09-22,688550,瑞联新材,195997693,2577036,3767105,0,0,0
2023-09-22,688551,科威尔,22944526,309668,894463,0,0,0
2023-09-22,688552,航天南湖,120166749,4376598,6242720,58835,12013,12039
2023-09-22,688553,汇宇制药,184324842,3113050,2671341,1954443,185000,0
2023-09-22,688556,高测股份,516402855,20582821,28730861,644640,107522,76587
2023-09-22,688557,兰剑智能,58060803,1203948,1035328,1040,0,948
2023-09-22,688558,国盛智科,57469946,341091,1545281,76480,0,0
2023-09-22,688559,海目星,443174782,9041826,5544499,415722,64398,76119
2023-09-22,688560,明冠新材,160642649,5119483,13772073,5352,0,11500
2023-09-22,688561,奇安信,679604646,13093255,4034793,858727,76271,32716
2023-09-22,688562,航天软件,83899165,6610474,7494337,23400,0,0
2023-09-22,688563,航材股份,87153248,5060966,6258352,94561,27447,16314
2023-09-22,688565,力源科技,37220719,720266,1150736,0,0,0
2023-09-22,688566,吉贝尔,44247126,6799376,5293022,1800,0,300
2023-09-22,688567,孚能科技,488635994,2320190,4929229,4701652,272837,187359
2023-09-22,688568,中科星图,146751259,4232621,5615274,277058,34169,18671
2023-09-22,688569,铁科轨道,87999481,826610,6256489,15207,4828,5757
2023-09-22,688570,天玛智控,70722059,5629549,9151434,259022,21370,15366
2023-09-22,688571,杭华股份,24860772,812118,711963,0,0,0
2023-09-22,688573,信宇人,26085477,2395765,2954911,165798,48981,100359
2023-09-22,688575,亚辉龙,278265516,2253580,925325,545243,55600,16437
2023-09-22,688576,西山科技,60185685,4731593,4281421,54680,7124,5040
2023-09-22,688577,浙海德曼,37628514,740294,633243,0,0,0
2023-09-22,688578,艾力斯,270268000,26189098,14524889,657942,93443,53325
2023-09-22,688579,山大地纬,162403006,18180686,7323526,0,0,0
2023-09-22,688580,伟思医疗,88822312,3193211,4702881,24724,5769,4995
2023-09-22,688581,安杰思,23551949,4482417,2857234,49804,7138,3880
2023-09-22,688582,芯动联科,68723707,5838568,5689326,402092,29892,26498
2023-09-22,688585,上纬新材,18344902,528923,386884,0,0,0
2023-09-22,688586,江航装备,152441738,2807171,1590310,4448441,76200,2891
2023-09-22,688588,凌志软件,156065077,4124950,4558961,0,0,0
2023-09-22,688589,力合微,142149999,3958562,4497835,650,0,13000
2023-09-22,688590,新致软件,77249279,10558043,5052123,50000,0,110000
2023-09-22,688591,泰凌微,165558651,29541490,25951432,2948,2948,6527
2023-09-22,688592,司南导航,39895523,5789104,6180485,100361,22789,68202
2023-09-22,688593,新相微,60090922,2846517,2649611,148390,22700,38545
2023-09-22,688595,芯海科技,95362265,2276860,2124775,203540,22320,11619
2023-09-22,688596,正帆科技,257016014,4033320,2839168,5317,900,1402
2023-09-22,688597,煜邦电力,43726885,1058452,1196135,218581,1500,2000
2023-09-22,688598,金博股份,820179715,7694670,9113805,850772,27507,23360
2023-09-22,688599,天合光能,1723506506,27163237,49189310,8434269,87270,130127
2023-09-22,688600,皖仪科技,44019257,1089405,733964,1722,0,2918
2023-09-22,688601,力芯微,149611882,6716667,5440419,117770,44198,30746
2023-09-22,688602,康鹏科技,47480773,5502052,8711795,661869,40574,40402
2023-09-22,688603,天承科技,13623609,2055240,2247126,98123,2548,5760
2023-09-22,688606,奥泰生物,89418478,2461336,4287597,15812,500,5386
2023-09-22,688607,康众医疗,45528384,580891,703124,0,0,0
2023-09-22,688608,恒玄科技,150864986,9216965,9146648,471457,18899,8577
2023-09-22,688609,九联科技,261957458,91076947,68746460,2434265,692005,708047
2023-09-22,688610,埃科光电,9784007,307622,887819,65586,4180,2600
2023-09-22,688611,杭州柯林,24537056,535268,415908,0,0,0
2023-09-22,688612,威迈斯,25875063,3863054,3535907,227162,24872,28729
2023-09-22,688613,奥精医疗,121879331,2208643,5461528,55412,4700,6421
2023-09-22,688616,西力科技,28676394,586125,765909,0,0,0
2023-09-22,688617,惠泰医疗,31187811,4537848,5042319,147473,14011,4671
2023-09-22,688618,三旺通信,39113021,1479218,1562934,0,0,0
2023-09-22,688619,罗普特,55440160,163769,681032,0,0,0
2023-09-22,688620,安凯微,56350507,6959219,3009772,340199,37715,23435
2023-09-22,688621,阳光诺和,165903653,1811677,1517377,80250,1875,2100
2023-09-22,688622,禾信仪器,48076390,668227,1966571,3995,3195,4669
2023-09-22,688623,双元科技,57079426,1592724,2696790,40704,924,0
2023-09-22,688625,呈和科技,79267814,168193,743365,0,0,0
2023-09-22,688626,翔宇医疗,69169231,1415561,930439,30993,1437,1261
2023-09-22,688627,精智达,33118476,4427067,3195890,190721,8442,6467
2023-09-22,688628,优利德,45738281,1153646,2041855,800,800,1183
2023-09-22,688629,华丰科技,30939520,16938542,10323567,595081,69405,68030
2023-09-22,688630,芯碁微装,120168224,9668525,9310606,0,0,0
2023-09-22,688631,莱斯信息,25065719,3388442,3341293,120215,12966,4999
2023-09-22,688633,星球石墨,30887776,843121,1901358,0,0,0
2023-09-22,688636,智明达,65526435,2830648,3721926,0,0,0
2023-09-22,688638,誉辰智能,27774561,2496255,1703919,81295,2955,2559
2023-09-22,688639,华恒生物,22826570,3605141,2684913,409053,33796,19748
2023-09-22,688646,逸飞激光,17563031,1812752,1726869,96334,2876,25479
2023-09-22,688651,盛邦安全,53998933,10013731,5310795,71819,14560,1531
2023-09-22,688655,迅捷兴,38851858,1275542,3604728,0,0,0
2023-09-22,688656,浩欧博,21140441,714940,701766,0,0,0
2023-09-22,688658,悦康药业,161550745,6635584,9996681,170261,36600,1114
2023-09-22,688659,元琛科技,117041366,867473,2372797,87900,7620,4648
2023-09-22,688660,电气风电,321006075,1438688,1642781,704391,800,32129
2023-09-22,688661,和林微纳,76908732,1852984,2972465,18066,18066,4845
2023-09-22,688662,富信科技,140967882,45790743,23068292,38107,9300,9251
2023-09-22,688663,新风光,155878585,2142794,3078901,0,0,0
2023-09-22,688665,四方光电,59724846,1733634,876766,0,0,0
2023-09-22,688667,菱电电控,79410704,2582626,2162694,3000,0,600
2023-09-22,688668,鼎通科技,69984191,3525911,10603990,18534,3534,1313
2023-09-22,688669,聚石化学,59768799,581111,817848,0,0,0
2023-09-22,688670,金迪克,61721190,787956,1203234,37948,18650,3687
2023-09-22,688671,碧兴物联,56036437,6199133,6703694,247062,70807,346081
2023-09-22,688676,金盘科技,45464435,1429904,1282362,1574768,12065,7018
2023-09-22,688677,海泰新光,152585624,4958705,6097648,81668,9551,21822
2023-09-22,688678,福立旺,121745280,3006997,3160753,0,0,0
2023-09-22,688679,通源环境,26665031,560930,533181,0,0,0
2023-09-22,688680,海优新材,378795453,9469863,9689296,297454,20774,10118
2023-09-22,688681,科汇股份,40909632,895680,1084941,1046700,0,0
2023-09-22,688682,霍莱沃,51496770,1179980,881639,6742,0,1652
2023-09-22,688683,莱尔科技,82391518,1301092,438863,0,0,0
2023-09-22,688685,迈信林,40669581,292224,1519764,8108,8108,0
2023-09-22,688686,奥普特,89966955,3754462,4874475,90441,13313,5817
2023-09-22,688687,凯因科技,58263090,4098450,3584804,18038,1000,7772
2023-09-22,688689,银河微电,50634573,814079,699923,0,0,0
2023-09-22,688690,纳微科技,578441477,10982474,8429316,1383632,62898,32756
2023-09-22,688693,锴威特,47628007,6714980,7686150,133079,41630,91797
2023-09-22,688696,极米科技,164198200,2647004,7051148,92613,8609,5151
2023-09-22,688697,纽威数控,60611732,7910776,3751382,16888,13200,6421
2023-09-22,688698,伟创电气,64423724,3874823,5267655,10461,400,2576
2023-09-22,688699,明微电子,146938262,700300,3785304,42132,4800,5763
2023-09-22,688700,东威科技,336427138,10739349,14888497,2915293,26416,9852
2023-09-22,688701,卓锦股份,26177091,268489,934744,19563,5308,300
2023-09-22,688702,盛科通信,88016414,55578024,77471513,3700,0,0
2023-09-22,688707,振华新材,296023244,2274090,4076292,2448051,52926,61982
2023-09-22,688711,宏微科技,489099905,2562787,4361999,158932,22855,10821
2023-09-22,688716,C中研,36338079,17071616,14462335,0,0,0
2023-09-22,688718,唯赛勃,73295807,570460,2098431,0,0,0
2023-09-22,688722,同益中,85830868,873309,2311329,415367,200,3000
2023-09-22,688728,格科微,230694850,3560234,4594130,13077887,56246,1022594
2023-09-22,688733,壹石通,126953459,1140496,1637942,328059,35413,42432
2023-09-22,688737,中自科技,29431163,851491,861259,75158,21558,2900
2023-09-22,688739,成大生物,180101241,7642996,6448757,423201,38545,67801
2023-09-22,688766,普冉股份,182475737,26211641,25730302,86167,39728,33066
2023-09-22,688767,博拓生物,59548129,2451118,1059969,22537,4206,2465
2023-09-22,688768,容知日新,86078522,1543785,2401050,3471,3471,5477
2023-09-22,688772,珠海冠宇,225349632,7608474,3296131,11670815,124598,51657
2023-09-22,688776,国光电气,187973450,17664636,12425503,136151,19795,14749
2023-09-22,688777,中控技术,436156613,36537167,29611300,864523,37595,26921
2023-09-22,688778,厦钨新能,266199775,2261462,2675703,730008,44648,94249
2023-09-22,688779,长远锂科,429104794,6460254,5094748,1934968,175116,99448
2023-09-22,688786,悦安新材,152886311,1401377,1093803,250000,0,0
2023-09-22,688787,海天瑞声,188307796,15676476,16181067,341563,14950,15440
2023-09-22,688788,科思科技,97550727,1309847,1420780,501,0,600
2023-09-22,688789,宏华数科,81862625,2851289,2570986,152825,10961,3931
2023-09-22,688793,倍轻松,59996928,2005224,4204179,2626,1439,813
2023-09-22,688798,艾为电子,87938383,2647965,1393115,350336,52255,10358
2023-09-22,688799,华纳药厂,106854624,1604740,1318236,0,0,0
2023-09-22,688800,瑞可达,226779303,3047465,7117813,124592,3617,21777
2023-09-22,688819,天能股份,164314132,507498,3103679,1231449,75962,3000
2023-09-22,688981,中芯国际,3820981705,153013599,216032878,4747379,389501,606169
2023-09-22,689009,九号公司,259835538,16184368,22971875,11236510,112012,27234
